variant,split,fold,event_date,event_name,n_features,n_rows,n_train_rows,n_train_events,n_events,runtime_seconds,mae,mse,rmse,degradation_slope_error
no_circuit,development,2022-06-12::Azerbaijan Grand Prix,2022-06-12,Azerbaijan Grand Prix,24,886,7704,7,1,1.040915988000009,1.277225845262938,6.981153792844239,2.6421873122177084,0.13193663827207458
raw_circuit_7,development,2022-06-12::Azerbaijan Grand Prix,2022-06-12,Azerbaijan Grand Prix,31,886,7704,7,1,1.083908675999993,1.1174509683755096,6.676508992845499,2.583894152794479,0.13984726205130968
raw_circuit_age_interactions,development,2022-06-12::Azerbaijan Grand Prix,2022-06-12,Azerbaijan Grand Prix,37,886,7704,7,1,1.1597523289999998,1.2051076194069148,6.906684297702687,2.6280571336450596,0.15982771593444137
pca4_no_age_interactions,development,2022-06-12::Azerbaijan Grand Prix,2022-06-12,Azerbaijan Grand Prix,28,886,7704,7,1,1.0680738030000043,1.0149547781679307,6.541988543099312,2.5577311319017313,0.13544912127696
no_circuit,development,2022-06-19::Canadian Grand Prix,2022-06-19,Canadian Grand Prix,24,1327,8590,8,1,1.0978838110000027,3.137509783078247,13.279934674146325,3.6441644685917134,0.044530351547272334
raw_circuit_7,development,2022-06-19::Canadian Grand Prix,2022-06-19,Canadian Grand Prix,31,1327,8590,8,1,1.1485038120000013,1.3570683461137423,4.411005535848027,2.100239399651389,0.04067575605259336
raw_circuit_age_interactions,development,2022-06-19::Canadian Grand Prix,2022-06-19,Canadian Grand Prix,37,1327,8590,8,1,1.1843168739999896,1.2481839875394098,4.007324196387982,2.0018302116782984,0.033166415738391235
pca4_no_age_interactions,development,2022-06-19::Canadian Grand Prix,2022-06-19,Canadian Grand Prix,28,1327,8590,8,1,1.124686595,1.3793324448427542,4.439530390423637,2.1070193142028,0.03116422887544344
no_circuit,development,2022-07-03::British Grand Prix,2022-07-03,British Grand Prix,24,867,9917,9,1,1.1822550669999998,1.236876429547742,6.692305869331299,2.5869491431667724,0.027869556257738348
raw_circuit_7,development,2022-07-03::British Grand Prix,2022-07-03,British Grand Prix,31,867,9917,9,1,1.222922765000007,3.579022840996566,16.333621815294773,4.041487574556523,0.061613242700400105
raw_circuit_age_interactions,development,2022-07-03::British Grand Prix,2022-07-03,British Grand Prix,37,867,9917,9,1,1.2758347469999904,2.560396370183442,10.61954396309661,3.25876417727589,0.09466198602024722
pca4_no_age_interactions,development,2022-07-03::British Grand Prix,2022-07-03,British Grand Prix,28,867,9917,9,1,1.2097480089999948,1.2189186825599756,6.613445932489397,2.5716620953168396,0.02515460811463537
no_circuit,development,2022-07-10::Austrian Grand Prix,2022-07-10,Austrian Grand Prix,24,1669,10784,10,1,1.2375768469999997,1.1458591376917526,1.926206201339901,1.3878783092691884,0.03837251890492536
raw_circuit_7,development,2022-07-10::Austrian Grand Prix,2022-07-10,Austrian Grand Prix,31,1669,10784,10,1,1.2827044870000037,1.2372926093645233,2.2286761537075885,1.492875129978254,0.04737760476826419
raw_circuit_age_interactions,development,2022-07-10::Austrian Grand Prix,2022-07-10,Austrian Grand Prix,37,1669,10784,10,1,1.3330673330000025,1.1478974854491149,1.8454408407177423,1.3584700367390303,0.027783236104944736
pca4_no_age_interactions,development,2022-07-10::Austrian Grand Prix,2022-07-10,Austrian Grand Prix,28,1669,10784,10,1,1.2646730920000095,1.2142857538908616,2.0174370989439496,1.4203651287411803,0.03399374319845227
no_circuit,development,2022-07-24::French Grand Prix,2022-07-24,French Grand Prix,24,968,12453,11,1,1.323350106999996,0.8131437415336572,1.3031738256208245,1.1415663912453031,0.2387974208494498
raw_circuit_7,development,2022-07-24::French Grand Prix,2022-07-24,French Grand Prix,31,968,12453,11,1,1.3982774050000017,0.6697132942305963,0.9683389416667658,0.9840421442533678,0.22114446248452543
raw_circuit_age_interactions,development,2022-07-24::French Grand Prix,2022-07-24,French Grand Prix,37,968,12453,11,1,1.4483020710000005,3.291241837165631,11.546901815481963,3.398073250458554,0.19466842026016148
pca4_no_age_interactions,development,2022-07-24::French Grand Prix,2022-07-24,French Grand Prix,28,968,12453,11,1,1.3741935989999945,0.5931164857060948,0.7700996463528897,0.8775532156814706,0.17022135466679378
no_circuit,development,2022-07-31::Hungarian Grand Prix,2022-07-31,Hungarian Grand Prix,24,1362,13421,12,1,1.3978400870000058,4.746117141068935,33.60562791503778,5.7970361319417165,0.07854457413844167
raw_circuit_7,development,2022-07-31::Hungarian Grand Prix,2022-07-31,Hungarian Grand Prix,31,1362,13421,12,1,1.4517567449999973,4.372501336450683,28.044938125735396,5.295747173509645,0.07358862185300918
raw_circuit_age_interactions,development,2022-07-31::Hungarian Grand Prix,2022-07-31,Hungarian Grand Prix,37,1362,13421,12,1,1.5305478249999993,3.6936117348266064,23.212609633750773,4.817946620060332,0.0852128945411224
pca4_no_age_interactions,development,2022-07-31::Hungarian Grand Prix,2022-07-31,Hungarian Grand Prix,28,1362,13421,12,1,1.449318065,4.503826286737343,29.831729459688326,5.461843046050328,0.06306539426434389
no_circuit,development,2022-08-28::Belgian Grand Prix,2022-08-28,Belgian Grand Prix,24,725,14783,13,1,1.4742442109999985,1.6563026401103407,6.184517500217569,2.4868690154926876,0.2677400813267832
raw_circuit_7,development,2022-08-28::Belgian Grand Prix,2022-08-28,Belgian Grand Prix,31,725,14783,13,1,1.5304757569999907,1.4970418788364837,5.174689081427549,2.2747942943104875,0.20829503025243526
raw_circuit_age_interactions,development,2022-08-28::Belgian Grand Prix,2022-08-28,Belgian Grand Prix,37,725,14783,13,1,1.6147326020000037,1.4894087004241523,6.877630088705627,2.622523610705083,0.25884523299605616
pca4_no_age_interactions,development,2022-08-28::Belgian Grand Prix,2022-08-28,Belgian Grand Prix,28,725,14783,13,1,1.5080491429999938,1.589782707318872,8.065371637328488,2.8399597950197264,0.2681809686380798
no_circuit,development,2022-09-04::Dutch Grand Prix,2022-09-04,Dutch Grand Prix,24,1273,15508,14,1,1.529798568000004,4.6812010253729355,44.458360760749194,6.667710308700371,0.17528740644441565
raw_circuit_7,development,2022-09-04::Dutch Grand Prix,2022-09-04,Dutch Grand Prix,31,1273,15508,14,1,1.5850824219999993,4.48296055270596,40.943318911927875,6.398696657283253,0.15183766642492993
raw_circuit_age_interactions,development,2022-09-04::Dutch Grand Prix,2022-09-04,Dutch Grand Prix,37,1273,15508,14,1,1.6474695139999938,3.4513419287676186,26.49812086683556,5.147632549710163,0.10090647484832742
pca4_no_age_interactions,development,2022-09-04::Dutch Grand Prix,2022-09-04,Dutch Grand Prix,28,1273,15508,14,1,1.5772749299999873,4.834986887958675,46.301210095592765,6.804499253846147,0.16413661895618098
no_circuit,development,2022-09-11::Italian Grand Prix,2022-09-11,Italian Grand Prix,24,931,16781,15,1,1.6075103729999967,1.4320017416271678,2.913863402285526,1.7070042185904304,0.01516004057786005
raw_circuit_7,development,2022-09-11::Italian Grand Prix,2022-09-11,Italian Grand Prix,31,931,16781,15,1,1.6664037370000102,1.0382005486244699,1.9470473417850758,1.3953663826339933,0.011668901913096547
raw_circuit_age_interactions,development,2022-09-11::Italian Grand Prix,2022-09-11,Italian Grand Prix,37,931,16781,15,1,1.7400589229999923,1.0024536367951558,1.8803547193315993,1.371260266809915,0.013942022948459337
pca4_no_age_interactions,development,2022-09-11::Italian Grand Prix,2022-09-11,Italian Grand Prix,28,931,16781,15,1,1.6407443239999964,0.810662774440582,1.4927490513507082,1.2217810979675157,0.00776981551327791
no_circuit,development,2022-10-02::Singapore Grand Prix,2022-10-02,Singapore Grand Prix,24,729,17712,16,1,1.6648760870000103,12.057612812235076,157.39992125408196,12.545912531740445,0.12098578482801581
raw_circuit_7,development,2022-10-02::Singapore Grand Prix,2022-10-02,Singapore Grand Prix,31,729,17712,16,1,1.7432262880000167,13.34388591670816,185.5331359312847,13.621054875863495,0.10427129616138275
raw_circuit_age_interactions,development,2022-10-02::Singapore Grand Prix,2022-10-02,Singapore Grand Prix,37,729,17712,16,1,1.8266114650000134,11.227023579426263,136.50684368271635,11.683614324459548,0.12943919290611822
pca4_no_age_interactions,development,2022-10-02::Singapore Grand Prix,2022-10-02,Singapore Grand Prix,28,729,17712,16,1,1.698883713000015,12.388073408416675,162.3931968359943,12.743358930674216,0.1365560510867149
no_circuit,development,2022-10-09::Japanese Grand Prix,2022-10-09,Japanese Grand Prix,24,460,18441,17,1,1.6718814130000226,2.657252300520042,19.752081930325577,4.444331437947172,0.08903283054924904
raw_circuit_7,development,2022-10-09::Japanese Grand Prix,2022-10-09,Japanese Grand Prix,31,460,18441,17,1,1.7555928510000172,7.864216831193228,78.06652316280255,8.835526196147152,0.1827621518027526
raw_circuit_age_interactions,development,2022-10-09::Japanese Grand Prix,2022-10-09,Japanese Grand Prix,37,460,18441,17,1,1.8515503280000019,7.413230169578844,69.82140126644765,8.355920132842801,0.14272450510355608
pca4_no_age_interactions,development,2022-10-09::Japanese Grand Prix,2022-10-09,Japanese Grand Prix,28,460,18441,17,1,1.7144770349999874,5.721268469575599,52.032405549772655,7.213349121578177,0.7684925868319863
no_circuit,development,2022-10-23::United States Grand Prix,2022-10-23,United States Grand Prix,24,785,18901,18,1,1.6879783279999856,1.172051129085587,1.9547490038530129,1.3981233864909823,0.07970111274128436
raw_circuit_7,development,2022-10-23::United States Grand Prix,2022-10-23,United States Grand Prix,31,785,18901,18,1,1.7625905170000067,1.5090989935405774,2.7898549007488835,1.6702858739595696,0.01250972052124275
raw_circuit_age_interactions,development,2022-10-23::United States Grand Prix,2022-10-23,United States Grand Prix,37,785,18901,18,1,1.8448096169999815,1.9250556738610454,4.299610030144451,2.073550103118912,0.017138723965772595
pca4_no_age_interactions,development,2022-10-23::United States Grand Prix,2022-10-23,United States Grand Prix,28,785,18901,18,1,1.761182697999999,1.6076160227635123,3.0629036429639855,1.7501153227613275,0.06276819157781238
no_circuit,development,2022-10-30::Mexico City Grand Prix,2022-10-30,Mexico City Grand Prix,24,1296,19686,19,1,1.7770092940000097,1.4635810677210344,4.3363849217323525,2.082398838294997,0.00855098635182965
raw_circuit_7,development,2022-10-30::Mexico City Grand Prix,2022-10-30,Mexico City Grand Prix,31,1296,19686,19,1,1.8574661069999934,9.433029536141424,91.9890097131311,9.591090121207865,0.0370957038784942
raw_circuit_age_interactions,development,2022-10-30::Mexico City Grand Prix,2022-10-30,Mexico City Grand Prix,37,1296,19686,19,1,1.960446625000003,12.01233323227209,147.87902110700483,12.160551842207031,0.06492174695764674
pca4_no_age_interactions,development,2022-10-30::Mexico City Grand Prix,2022-10-30,Mexico City Grand Prix,28,1296,19686,19,1,1.8197279649999984,1.6388786480650661,5.209837612895836,2.2825068702844766,0.017973466212672595
no_circuit,development,2022-11-13::São Paulo Grand Prix,2022-11-13,São Paulo Grand Prix,24,1823,20982,20,1,1.9053456219999987,1.509080123081238,3.599652850878301,1.8972751120694913,0.0660663668411245
raw_circuit_7,development,2022-11-13::São Paulo Grand Prix,2022-11-13,São Paulo Grand Prix,31,1823,20982,20,1,1.959012429000012,0.8650185986538287,1.235837086242384,1.1116820976530943,0.06338886644062505
raw_circuit_age_interactions,development,2022-11-13::São Paulo Grand Prix,2022-11-13,São Paulo Grand Prix,37,1823,20982,20,1,2.037033854000015,0.8690838460381644,1.481598225284251,1.21720919536629,0.05366250709092272
pca4_no_age_interactions,development,2022-11-13::São Paulo Grand Prix,2022-11-13,São Paulo Grand Prix,28,1823,20982,20,1,1.8815277810000168,1.3324431524718257,2.556296810317055,1.5988423344148275,0.07882166492611146
no_circuit,development,2022-11-20::Abu Dhabi Grand Prix,2022-11-20,Abu Dhabi Grand Prix,24,1264,22805,21,1,2.006186198000023,1.1636526576091422,3.207320660908201,1.7908993999966052,0.12381299771821268
raw_circuit_7,development,2022-11-20::Abu Dhabi Grand Prix,2022-11-20,Abu Dhabi Grand Prix,31,1264,22805,21,1,2.089964937000019,2.4156723290211946,8.178236151325553,2.8597615549771893,0.04366403889000447
raw_circuit_age_interactions,development,2022-11-20::Abu Dhabi Grand Prix,2022-11-20,Abu Dhabi Grand Prix,37,1264,22805,21,1,2.168136102999995,2.0725103568997016,6.230982513491899,2.4961936049697546,0.06249479949055361
pca4_no_age_interactions,development,2022-11-20::Abu Dhabi Grand Prix,2022-11-20,Abu Dhabi Grand Prix,28,1264,22805,21,1,2.0275692989999925,2.6086511635092693,8.033215212751841,2.8342927182547397,0.07246398684133319
no_circuit,development,2023-03-05::Bahrain Grand Prix,2023-03-05,Bahrain Grand Prix,24,1117,24069,22,1,2.0540611399999875,0.8399065574017835,1.1991864282492177,1.0950737090484903,0.0759095399997116
raw_circuit_7,development,2023-03-05::Bahrain Grand Prix,2023-03-05,Bahrain Grand Prix,31,1117,24069,22,1,2.137075304999996,0.7379329415431339,0.9032607277788542,0.9504002987051584,0.049160896272319766
raw_circuit_age_interactions,development,2023-03-05::Bahrain Grand Prix,2023-03-05,Bahrain Grand Prix,37,1117,24069,22,1,2.247096736000003,1.2488897075199428,2.2555020287624767,1.5018328897592024,0.07928424634037484
pca4_no_age_interactions,development,2023-03-05::Bahrain Grand Prix,2023-03-05,Bahrain Grand Prix,28,1117,24069,22,1,2.1179837930000076,4.5772851711524885,25.474940780826522,5.0472706268662195,0.12760831048199642
no_circuit,development,2023-03-19::Saudi Arabian Grand Prix,2023-03-19,Saudi Arabian Grand Prix,24,1066,25186,23,1,2.1552595850000102,0.8973748864457692,2.4307375793717654,1.5590822875562935,0.007224070596967458
raw_circuit_7,development,2023-03-19::Saudi Arabian Grand Prix,2023-03-19,Saudi Arabian Grand Prix,31,1066,25186,23,1,2.267177414999992,0.8388278556237159,2.410789696289498,1.552671792842743,0.02452376811805408
raw_circuit_age_interactions,development,2023-03-19::Saudi Arabian Grand Prix,2023-03-19,Saudi Arabian Grand Prix,37,1066,25186,23,1,2.4013582529999837,0.8439687324456293,2.4146361010951134,1.5539099398276315,0.025332847125326647
pca4_no_age_interactions,development,2023-03-19::Saudi Arabian Grand Prix,2023-03-19,Saudi Arabian Grand Prix,28,1066,25186,23,1,2.2186933179999926,0.8201554371436948,2.3276656235872433,1.5256689102119252,0.02677239774412443
no_circuit,development,2023-04-02::Australian Grand Prix,2023-04-02,Australian Grand Prix,24,880,26252,24,1,2.2369595370000184,2.582996681242134,18.470223660594172,4.297699810432806,0.5889979386721012
raw_circuit_7,development,2023-04-02::Australian Grand Prix,2023-04-02,Australian Grand Prix,31,880,26252,24,1,2.3270730449999917,2.2539763461795186,16.856855165042358,4.105710068312466,0.5640885413645295
raw_circuit_age_interactions,development,2023-04-02::Australian Grand Prix,2023-04-02,Australian Grand Prix,37,880,26252,24,1,2.442320781999996,2.1066962980076376,16.375265827792507,4.046636359718094,0.5454485324068702
pca4_no_age_interactions,development,2023-04-02::Australian Grand Prix,2023-04-02,Australian Grand Prix,28,880,26252,24,1,2.2664938849999885,2.2615020775237937,17.63825911768717,4.199792746992067,0.5690675035761549
no_circuit,development,2023-04-30::Azerbaijan Grand Prix,2023-04-30,Azerbaijan Grand Prix,24,993,27132,25,1,2.2561311999999987,1.5124483598763472,2.8283402350018556,1.6817669978334857,0.07946959329033033
raw_circuit_7,development,2023-04-30::Azerbaijan Grand Prix,2023-04-30,Azerbaijan Grand Prix,31,993,27132,25,1,2.3824212680000016,2.290548007080234,5.833165489458056,2.415194710464988,0.09065660749004377
raw_circuit_age_interactions,development,2023-04-30::Azerbaijan Grand Prix,2023-04-30,Azerbaijan Grand Prix,37,993,27132,25,1,2.543117367000008,2.0030071985686573,4.552098759723039,2.1335648009195873,0.08443257399927491
pca4_no_age_interactions,development,2023-04-30::Azerbaijan Grand Prix,2023-04-30,Azerbaijan Grand Prix,28,993,27132,25,1,2.340303137999996,2.2650632204934276,5.734196807353338,2.394618300972691,0.08849316485558523
no_circuit,development,2023-05-07::Miami Grand Prix,2023-05-07,Miami Grand Prix,24,1210,28125,26,1,2.3231160819999843,1.9708271640159287,24.137599540531344,4.913003108133695,0.053293657427560426
raw_circuit_7,development,2023-05-07::Miami Grand Prix,2023-05-07,Miami Grand Prix,31,1210,28125,26,1,2.4611407639999925,2.0620642457581457,24.260070481751242,4.92545129726721,0.03624695777200521
raw_circuit_age_interactions,development,2023-05-07::Miami Grand Prix,2023-05-07,Miami Grand Prix,37,1210,28125,26,1,2.568747325000004,2.0760258575807176,24.303031642915446,4.929810507810158,0.030073681828771816
pca4_no_age_interactions,development,2023-05-07::Miami Grand Prix,2023-05-07,Miami Grand Prix,28,1210,28125,26,1,2.4101752370000042,2.092487069573505,24.149057115477135,4.91416901576219,0.033791702818703674
no_circuit,development,2023-05-28::Monaco Grand Prix,2023-05-28,Monaco Grand Prix,24,1507,29335,27,1,2.392368462999997,3.0011129778417724,32.1252091039567,5.667910470707587,0.24294294098489128
raw_circuit_7,development,2023-05-28::Monaco Grand Prix,2023-05-28,Monaco Grand Prix,31,1507,29335,27,1,2.551419296000006,3.578350196927141,43.97317386438106,6.631227176351377,0.27247016467800916
raw_circuit_age_interactions,development,2023-05-28::Monaco Grand Prix,2023-05-28,Monaco Grand Prix,37,1507,29335,27,1,2.67080875100001,6.024868980683834,60.52513196886503,7.779789969457083,0.3067449702896836
pca4_no_age_interactions,development,2023-05-28::Monaco Grand Prix,2023-05-28,Monaco Grand Prix,28,1507,29335,27,1,2.480586469000002,4.370654540612528,46.81500538842785,6.842149179053892,0.2577622016524709
no_circuit,development,2023-06-04::Spanish Grand Prix,2023-06-04,Spanish Grand Prix,24,1437,30842,28,1,2.5101053809999883,1.9933057065243072,5.149876613706022,2.2693339581705514,0.008800199060023816
raw_circuit_7,development,2023-06-04::Spanish Grand Prix,2023-06-04,Spanish Grand Prix,31,1437,30842,28,1,2.6527228750000234,5.699342050342289,33.58599955140172,5.795342919224169,0.030025490479411786
raw_circuit_age_interactions,development,2023-06-04::Spanish Grand Prix,2023-06-04,Spanish Grand Prix,37,1437,30842,28,1,2.774134683999989,5.426520559607919,30.468092522049545,5.519790985358915,0.020241423504977752
pca4_no_age_interactions,development,2023-06-04::Spanish Grand Prix,2023-06-04,Spanish Grand Prix,28,1437,30842,28,1,2.5567087670000035,4.2003702982086955,18.587152549841132,4.311282007691115,0.0322329805994844
no_circuit,development,2023-06-18::Canadian Grand Prix,2023-06-18,Canadian Grand Prix,24,1351,32279,29,1,2.5350647429999924,0.8904764012876065,1.518367460334877,1.2322205404613562,0.05719370978003124
raw_circuit_7,development,2023-06-18::Canadian Grand Prix,2023-06-18,Canadian Grand Prix,31,1351,32279,29,1,2.7226320179999846,0.8938634816710906,1.4242765675386462,1.193430587650009,0.05139662055368027
raw_circuit_age_interactions,development,2023-06-18::Canadian Grand Prix,2023-06-18,Canadian Grand Prix,37,1351,32279,29,1,2.8823348949999854,1.216432313029989,2.219980926600776,1.4899600419476946,0.020127197760465478
pca4_no_age_interactions,development,2023-06-18::Canadian Grand Prix,2023-06-18,Canadian Grand Prix,28,1351,32279,29,1,2.6526304850000315,1.426571053837553,2.74841303588781,1.6578338384433495,0.05338214308122039
no_circuit,development,2023-07-02::Austrian Grand Prix,2023-07-02,Austrian Grand Prix,24,1592,33630,30,1,2.6707017930000347,1.7781892936601498,8.676010079924415,2.945506761140503,0.028948896893299835
raw_circuit_7,development,2023-07-02::Austrian Grand Prix,2023-07-02,Austrian Grand Prix,31,1592,33630,30,1,2.8368681649999985,1.7446991168874386,8.1626912636755,2.857042397948532,0.03403154535309874
raw_circuit_age_interactions,development,2023-07-02::Austrian Grand Prix,2023-07-02,Austrian Grand Prix,37,1592,33630,30,1,2.9405285799999774,1.8001651698062175,8.820581337517673,2.969946352632935,0.059506176357538826
pca4_no_age_interactions,development,2023-07-02::Austrian Grand Prix,2023-07-02,Austrian Grand Prix,28,1592,33630,30,1,2.733062623999956,1.8463370145503453,9.294267963589924,3.0486501871467517,0.03875075122841393
no_circuit,development,2023-07-09::British Grand Prix,2023-07-09,British Grand Prix,24,1007,35222,31,1,2.7278448719999915,0.977747023145912,1.380927824503243,1.1751288544254384,0.027754374098241705
raw_circuit_7,development,2023-07-09::British Grand Prix,2023-07-09,British Grand Prix,31,1007,35222,31,1,2.915427710000017,0.8746907421288765,1.1845812819007466,1.0883847122689416,0.009185793494947992
raw_circuit_age_interactions,development,2023-07-09::British Grand Prix,2023-07-09,British Grand Prix,37,1007,35222,31,1,3.080279823000012,0.9348499673672822,1.2868383571521655,1.1343889796503515,0.009752523561504566
pca4_no_age_interactions,development,2023-07-09::British Grand Prix,2023-07-09,British Grand Prix,28,1007,35222,31,1,2.8311318570000026,0.8961807574978533,1.2004364450290295,1.0956443058899314,0.010649396104536425
no_circuit,development,2023-07-23::Hungarian Grand Prix,2023-07-23,Hungarian Grand Prix,24,1368,36229,32,1,2.8199285970000005,1.1668861589424027,1.9469627157524294,1.3953360583574228,0.034904262319954936
raw_circuit_7,development,2023-07-23::Hungarian Grand Prix,2023-07-23,Hungarian Grand Prix,31,1368,36229,32,1,2.9997524669999507,1.5005910860534848,2.8913978822268036,1.7004110921264903,0.027672111373406885
raw_circuit_age_interactions,development,2023-07-23::Hungarian Grand Prix,2023-07-23,Hungarian Grand Prix,37,1368,36229,32,1,3.116274015999977,1.5549523538670824,2.9188770955402306,1.7084721524040802,0.03379906504607065
pca4_no_age_interactions,development,2023-07-23::Hungarian Grand Prix,2023-07-23,Hungarian Grand Prix,28,1368,36229,32,1,2.906558473999951,1.1687598700664719,1.9541627104170638,1.3979136992021588,0.037016242475158556
no_circuit,development,2023-07-30::Belgian Grand Prix,2023-07-30,Belgian Grand Prix,24,725,37597,33,1,2.8743885359999695,1.0689852508217492,2.035121162835714,1.4265767286885462,0.39150029113905316
raw_circuit_7,development,2023-07-30::Belgian Grand Prix,2023-07-30,Belgian Grand Prix,31,725,37597,33,1,3.0841625729999578,1.4216243925134273,3.6782589531307743,1.9178787639292465,0.39756337752546933
raw_circuit_age_interactions,development,2023-07-30::Belgian Grand Prix,2023-07-30,Belgian Grand Prix,37,725,37597,33,1,3.243406587000038,1.28228715740332,2.665348886698024,1.6325896259311536,0.2699796582102384
pca4_no_age_interactions,development,2023-07-30::Belgian Grand Prix,2023-07-30,Belgian Grand Prix,28,725,37597,33,1,2.970272628000032,1.2576198003324957,2.443186472934981,1.5630695675288995,0.2818763171374917
no_circuit,development,2023-08-27::Dutch Grand Prix,2023-08-27,Dutch Grand Prix,24,1208,38322,34,1,2.888928888999999,1.6044444401485343,11.285232782411084,3.3593500535685594,0.1289874257074733
raw_circuit_7,development,2023-08-27::Dutch Grand Prix,2023-08-27,Dutch Grand Prix,31,1208,38322,34,1,3.145435716999998,1.2405190144381797,8.573909616588251,2.928123907314759,0.06196408378393515
raw_circuit_age_interactions,development,2023-08-27::Dutch Grand Prix,2023-08-27,Dutch Grand Prix,37,1208,38322,34,1,3.2959002350000333,1.941301871857439,15.91543764590732,3.9894157023187393,0.034822733776888985
pca4_no_age_interactions,development,2023-08-27::Dutch Grand Prix,2023-08-27,Dutch Grand Prix,28,1208,38322,34,1,3.0113018629999715,1.2751130189619932,9.182169620153829,3.0302095010335224,0.03128760075307545
no_circuit,development,2023-09-03::Italian Grand Prix,2023-09-03,Italian Grand Prix,24,938,39530,35,1,2.977412740000034,1.3840485700483092,16.22262196996818,4.027731615930756,0.27490628984398485
raw_circuit_7,development,2023-09-03::Italian Grand Prix,2023-09-03,Italian Grand Prix,31,938,39530,35,1,3.2524247819999914,1.2591646364611315,16.380402181408083,4.047270954780281,0.2739435960737615
raw_circuit_age_interactions,development,2023-09-03::Italian Grand Prix,2023-09-03,Italian Grand Prix,37,938,39530,35,1,3.363146168999947,1.1877700178862391,16.25187690890843,4.031361669325692,0.26133965668517706
pca4_no_age_interactions,development,2023-09-03::Italian Grand Prix,2023-09-03,Italian Grand Prix,28,938,39530,35,1,3.1378796559999955,1.1855196670141448,16.082491610137406,4.010298194665505,0.2746684484886267
no_circuit,development,2023-09-17::Singapore Grand Prix,2023-09-17,Singapore Grand Prix,24,1024,40468,36,1,3.066511731999981,2.1305669740873063,6.713269714060989,2.5909978220872727,0.09277243429845285
raw_circuit_7,development,2023-09-17::Singapore Grand Prix,2023-09-17,Singapore Grand Prix,31,1024,40468,36,1,3.3190795630000025,3.4950292108015883,15.185709840336031,3.896884632669542,0.11584094389191052
raw_circuit_age_interactions,development,2023-09-17::Singapore Grand Prix,2023-09-17,Singapore Grand Prix,37,1024,40468,36,1,3.45522728200001,2.1717015877996344,7.073240923435824,2.659556527587978,0.0810517873514974
pca4_no_age_interactions,development,2023-09-17::Singapore Grand Prix,2023-09-17,Singapore Grand Prix,28,1024,40468,36,1,3.203711290000001,2.58583730376612,8.79366779296165,2.9654119094927855,0.09123213313789798
no_circuit,development,2023-09-24::Japanese Grand Prix,2023-09-24,Japanese Grand Prix,24,825,41492,37,1,3.156353973000023,1.8664145434208232,4.205682163122856,2.050775990478447,0.06498203805925934
raw_circuit_7,development,2023-09-24::Japanese Grand Prix,2023-09-24,Japanese Grand Prix,31,825,41492,37,1,3.346684075999974,1.5777900857021696,3.132310100561271,1.7698333538955782,0.0395450715442545
raw_circuit_age_interactions,development,2023-09-24::Japanese Grand Prix,2023-09-24,Japanese Grand Prix,37,825,41492,37,1,3.5023937909999745,0.8446636015776703,1.2700346100964384,1.1269581226010301,0.0522792350464164
pca4_no_age_interactions,development,2023-09-24::Japanese Grand Prix,2023-09-24,Japanese Grand Prix,28,825,41492,37,1,3.2699792869999555,2.1725787189589636,5.299949406188725,2.302161898344407,0.03644964734175448
no_circuit,development,2023-10-08::Qatar Grand Prix,2023-10-08,Qatar Grand Prix,24,952,42317,38,1,3.1667945689999897,2.279671821358234,6.807809276201727,2.6091778927857194,0.049734069636567006
raw_circuit_7,development,2023-10-08::Qatar Grand Prix,2023-10-08,Qatar Grand Prix,31,952,42317,38,1,3.448466248999978,2.255309855607852,6.984508208831079,2.642822016109121,0.07624334108927766
raw_circuit_age_interactions,development,2023-10-08::Qatar Grand Prix,2023-10-08,Qatar Grand Prix,37,952,42317,38,1,3.592828532999988,2.116563583748408,6.134933149566382,2.4768797204479633,0.060809947369005614
pca4_no_age_interactions,development,2023-10-08::Qatar Grand Prix,2023-10-08,Qatar Grand Prix,28,952,42317,38,1,3.3121080459999916,2.055897894739528,5.419717659711055,2.328028706805622,0.039078262672824375
no_circuit,development,2023-10-22::United States Grand Prix,2023-10-22,United States Grand Prix,24,1265,43269,39,1,3.241674328999977,0.7596073957031121,1.0539670142402375,1.0266289564590692,0.015818560569013134
raw_circuit_7,development,2023-10-22::United States Grand Prix,2023-10-22,United States Grand Prix,31,1265,43269,39,1,3.502264345999947,0.8542113157326895,1.277434011201176,1.130236263442815,0.010837357452450277
raw_circuit_age_interactions,development,2023-10-22::United States Grand Prix,2023-10-22,United States Grand Prix,37,1265,43269,39,1,3.624384328000019,0.7592493842304159,1.01286300021028,1.0064109499654106,0.008123044334381484
pca4_no_age_interactions,development,2023-10-22::United States Grand Prix,2023-10-22,United States Grand Prix,28,1265,43269,39,1,3.3569413189999864,1.0907467549489656,1.9951379606717752,1.4124935258866764,0.010710459219626559
no_circuit,development,2023-10-29::Mexico City Grand Prix,2023-10-29,Mexico City Grand Prix,24,1283,44534,40,1,3.334495559000004,1.2964693237642957,4.147000910024672,2.0364186480251725,0.04799021308805862
raw_circuit_7,development,2023-10-29::Mexico City Grand Prix,2023-10-29,Mexico City Grand Prix,31,1283,44534,40,1,3.5580843990000517,0.8985992311680508,2.3399309451638186,1.5296832826320024,0.06689552509728496
raw_circuit_age_interactions,development,2023-10-29::Mexico City Grand Prix,2023-10-29,Mexico City Grand Prix,37,1283,44534,40,1,3.773277128000018,0.9779778593656179,2.8263145683608344,1.6811646464165353,0.0782576180972142
pca4_no_age_interactions,development,2023-10-29::Mexico City Grand Prix,2023-10-29,Mexico City Grand Prix,28,1283,44534,40,1,3.487030677000007,0.8733889732455552,1.7993895548642946,1.3414132677382815,0.0903648850558701
no_circuit,development,2023-11-05::São Paulo Grand Prix,2023-11-05,São Paulo Grand Prix,24,1432,45817,41,1,3.405355338999982,0.9268442879683744,1.6531460984096156,1.2857472918150035,0.0441611293150921
raw_circuit_7,development,2023-11-05::São Paulo Grand Prix,2023-11-05,São Paulo Grand Prix,31,1432,45817,41,1,3.6619258489999993,0.7486725565971929,1.059358948863443,1.0292516450622962,0.04785509625194192
raw_circuit_age_interactions,development,2023-11-05::São Paulo Grand Prix,2023-11-05,São Paulo Grand Prix,37,1432,45817,41,1,3.773817796000003,0.6780435226118289,0.7533320230144575,0.8679470162483753,0.03880713874239972
pca4_no_age_interactions,development,2023-11-05::São Paulo Grand Prix,2023-11-05,São Paulo Grand Prix,28,1432,45817,41,1,3.5399656790000336,0.8008194114391679,1.144077633851932,1.0696156477220835,0.04549903097154816
no_circuit,development,2023-11-18::Las Vegas Grand Prix,2023-11-18,Las Vegas Grand Prix,24,1001,47249,42,1,3.5284748709999576,2.1773358545780592,15.071150408469876,3.882157957691814,0.10802068675491398
raw_circuit_7,development,2023-11-18::Las Vegas Grand Prix,2023-11-18,Las Vegas Grand Prix,31,1001,47249,42,1,3.71980345999998,2.094689015831495,14.219693132819083,3.7709008383699354,0.10169383175144088
raw_circuit_age_interactions,development,2023-11-18::Las Vegas Grand Prix,2023-11-18,Las Vegas Grand Prix,37,1001,47249,42,1,3.9149745490000214,2.1048168775668183,15.12952173039601,3.8896685887612596,0.1140853393373878
pca4_no_age_interactions,development,2023-11-18::Las Vegas Grand Prix,2023-11-18,Las Vegas Grand Prix,28,1001,47249,42,1,3.6157936189999873,2.1749235738431065,14.572564287767724,3.817402819688764,0.06681770008449799
no_circuit,development,2023-11-26::Abu Dhabi Grand Prix,2023-11-26,Abu Dhabi Grand Prix,24,1163,48250,43,1,3.560644066000009,1.1993578913711211,8.568893075383649,2.9272671684326403,0.32623522753366124
raw_circuit_7,development,2023-11-26::Abu Dhabi Grand Prix,2023-11-26,Abu Dhabi Grand Prix,31,1163,48250,43,1,3.8104991629999745,1.3893340241987466,8.968541068443015,2.9947522549357926,0.30264199798145125
raw_circuit_age_interactions,development,2023-11-26::Abu Dhabi Grand Prix,2023-11-26,Abu Dhabi Grand Prix,37,1163,48250,43,1,4.011169191000022,1.3369618729809467,8.78936282202092,2.9646859567281187,0.295817713646232
pca4_no_age_interactions,development,2023-11-26::Abu Dhabi Grand Prix,2023-11-26,Abu Dhabi Grand Prix,28,1163,48250,43,1,3.6577900389999627,1.1725935829047571,8.503568019189588,2.9160877934639737,0.29764821307374284
no_circuit,development,2024-03-02::Bahrain Grand Prix,2024-03-02,Bahrain Grand Prix,24,1226,49413,44,1,3.629005529999972,1.0095698297983875,1.3523953201157541,1.1629253286930137,0.0927685536997085
raw_circuit_7,development,2024-03-02::Bahrain Grand Prix,2024-03-02,Bahrain Grand Prix,31,1226,49413,44,1,3.876189912999962,1.1292544991524125,1.5832468997620606,1.2582713935244894,0.027508637331896933
raw_circuit_age_interactions,development,2024-03-02::Bahrain Grand Prix,2024-03-02,Bahrain Grand Prix,37,1226,49413,44,1,4.055998887999976,1.5325830955974629,2.7473600407391707,1.657516226387896,0.004773572146263796
pca4_no_age_interactions,development,2024-03-02::Bahrain Grand Prix,2024-03-02,Bahrain Grand Prix,28,1226,49413,44,1,3.78668060199999,1.4052617247504597,2.290328411770691,1.5133831014553754,0.04438372992961237
no_circuit,development,2024-03-09::Saudi Arabian Grand Prix,2024-03-09,Saudi Arabian Grand Prix,24,1038,50639,45,1,3.66756174599999,1.1635019724387452,5.218997950871768,2.28451262873983,0.049326859162728436
raw_circuit_7,development,2024-03-09::Saudi Arabian Grand Prix,2024-03-09,Saudi Arabian Grand Prix,31,1038,50639,45,1,3.954114414000003,1.2099142615939427,5.322742617535822,2.307106980080426,0.04919175736034534
raw_circuit_age_interactions,development,2024-03-09::Saudi Arabian Grand Prix,2024-03-09,Saudi Arabian Grand Prix,37,1038,50639,45,1,4.111928331000001,1.2190411526163338,5.316386481231271,2.30572905633582,0.046691320931677195
pca4_no_age_interactions,development,2024-03-09::Saudi Arabian Grand Prix,2024-03-09,Saudi Arabian Grand Prix,28,1038,50639,45,1,3.7879119140000057,1.2295286528005647,5.305648596767002,2.3033993567696855,0.03828856750187416
no_circuit,development,2024-03-24::Australian Grand Prix,2024-03-24,Australian Grand Prix,24,1124,51677,46,1,3.857201895000003,2.2442116755492,22.001663997063424,4.6905931391523845,0.22025546699036236
raw_circuit_7,development,2024-03-24::Australian Grand Prix,2024-03-24,Australian Grand Prix,31,1124,51677,46,1,4.084124476999989,2.114131314433169,21.40477771062715,4.626529769776387,0.22346826952475576
raw_circuit_age_interactions,development,2024-03-24::Australian Grand Prix,2024-03-24,Australian Grand Prix,37,1124,51677,46,1,4.25566554400001,2.177316625331058,21.592555600140688,4.64677905652299,0.2077710859276173
pca4_no_age_interactions,development,2024-03-24::Australian Grand Prix,2024-03-24,Australian Grand Prix,28,1124,51677,46,1,3.9650171640000167,2.1487656067354197,21.76933718837765,4.665762230158932,0.21993904853909738
no_circuit,development,2024-04-07::Japanese Grand Prix,2024-04-07,Japanese Grand Prix,24,762,52801,47,1,3.8497109600000385,1.5368997652859289,3.5496443984887267,1.8840499989354653,0.07178269480747022
raw_circuit_7,development,2024-04-07::Japanese Grand Prix,2024-04-07,Japanese Grand Prix,31,762,52801,47,1,4.114866644000017,0.7134889980837038,0.9685141073337483,0.9841311433613654,0.05990732494943083
raw_circuit_age_interactions,development,2024-04-07::Japanese Grand Prix,2024-04-07,Japanese Grand Prix,37,762,52801,47,1,4.343201236000027,0.7319660750542862,1.0239847007566,1.0119212917794547,0.054013124314023664
pca4_no_age_interactions,development,2024-04-07::Japanese Grand Prix,2024-04-07,Japanese Grand Prix,28,762,52801,47,1,4.009343099999967,0.7876612973495841,1.1592040953431628,1.0766634085651665,0.07563187738637424
no_circuit,development,2024-04-21::Chinese Grand Prix,2024-04-21,Chinese Grand Prix,24,1097,53563,48,1,3.9002523139999994,2.5385392800075595,7.141087956282738,2.6722814141259033,0.046447688007113574
raw_circuit_7,development,2024-04-21::Chinese Grand Prix,2024-04-21,Chinese Grand Prix,31,1097,53563,48,1,4.166400404000001,2.6939823503761193,7.929304623125862,2.8159020975747473,0.031111510822835975
raw_circuit_age_interactions,development,2024-04-21::Chinese Grand Prix,2024-04-21,Chinese Grand Prix,37,1097,53563,48,1,4.382425320999914,2.6356294386031065,7.624845663907296,2.761312308288814,0.032845440434428864
pca4_no_age_interactions,development,2024-04-21::Chinese Grand Prix,2024-04-21,Chinese Grand Prix,28,1097,53563,48,1,4.079827989000023,2.1324960660091135,5.093224454155447,2.2568173284861683,0.0274272863106013
no_circuit,development,2024-05-05::Miami Grand Prix,2024-05-05,Miami Grand Prix,24,1220,54660,49,1,3.9611416999999847,1.2338069828630855,2.050876964287579,1.4320883227956225,0.010054352820867182
raw_circuit_7,development,2024-05-05::Miami Grand Prix,2024-05-05,Miami Grand Prix,31,1220,54660,49,1,4.2486679910000476,1.094537244360153,1.6269391083235571,1.275515232493739,0.008666809341248385
raw_circuit_age_interactions,development,2024-05-05::Miami Grand Prix,2024-05-05,Miami Grand Prix,37,1220,54660,49,1,4.503703179000013,1.0057510785326083,1.3694448579366567,1.1702328221070613,0.012545195718294053
pca4_no_age_interactions,development,2024-05-05::Miami Grand Prix,2024-05-05,Miami Grand Prix,28,1220,54660,49,1,4.113085130999934,1.018293754795441,1.4932239108177654,1.2219754133442151,0.011332784373916749
no_circuit,development,2024-05-19::Emilia Romagna Grand Prix,2024-05-19,Emilia Romagna Grand Prix,24,1433,55880,50,1,4.089377395000042,1.0733485407536427,2.843570358954249,1.6862889310418452,0.05633818715444135
raw_circuit_7,development,2024-05-19::Emilia Romagna Grand Prix,2024-05-19,Emilia Romagna Grand Prix,31,1433,55880,50,1,4.34964804599997,1.188655182438668,3.038723605211717,1.7431935076782832,0.06957361478380432
raw_circuit_age_interactions,development,2024-05-19::Emilia Romagna Grand Prix,2024-05-19,Emilia Romagna Grand Prix,37,1433,55880,50,1,4.580817426000067,1.07315549552066,2.782507337290288,1.6680849310782373,0.0647666640451317
pca4_no_age_interactions,development,2024-05-19::Emilia Romagna Grand Prix,2024-05-19,Emilia Romagna Grand Prix,28,1433,55880,50,1,4.221047594000083,1.2214782232095653,3.1863240151106127,1.7850277351096293,0.06540187523611286
no_circuit,development,2024-05-26::Monaco Grand Prix,2024-05-26,Monaco Grand Prix,24,1553,57313,51,1,4.1748941440000635,3.047558084992349,25.7092904528659,5.070432965030294,0.04091256767689356
raw_circuit_7,development,2024-05-26::Monaco Grand Prix,2024-05-26,Monaco Grand Prix,31,1553,57313,51,1,4.431446403999985,2.568017340899173,22.393323252473788,4.7321584137129,0.05677930415805998
raw_circuit_age_interactions,development,2024-05-26::Monaco Grand Prix,2024-05-26,Monaco Grand Prix,37,1553,57313,51,1,4.619190324000101,2.566270851154752,23.361568637253,4.833380663392136,0.08028715362262606
pca4_no_age_interactions,development,2024-05-26::Monaco Grand Prix,2024-05-26,Monaco Grand Prix,28,1553,57313,51,1,4.351304543999959,2.7388204994860135,23.544431697779338,4.852260472993936,0.07603152018582897
no_circuit,development,2024-06-09::Canadian Grand Prix,2024-06-09,Canadian Grand Prix,24,1130,58866,52,1,4.254814773000021,3.6108846974050124,29.7476432616012,5.454140011184275,0.2924402941481288
raw_circuit_7,development,2024-06-09::Canadian Grand Prix,2024-06-09,Canadian Grand Prix,31,1130,58866,52,1,4.540067884999985,2.924906170947906,21.735769174824398,4.662163572293919,0.21726442178446
raw_circuit_age_interactions,development,2024-06-09::Canadian Grand Prix,2024-06-09,Canadian Grand Prix,37,1130,58866,52,1,4.780829850000032,3.255315548232993,25.60630212087323,5.060267000947008,0.20204932471537193
pca4_no_age_interactions,development,2024-06-09::Canadian Grand Prix,2024-06-09,Canadian Grand Prix,28,1130,58866,52,1,4.479764948000025,3.2790497985792135,26.527353417600956,5.15047118403753,0.2642933532754439
no_circuit,development,2024-06-23::Spanish Grand Prix,2024-06-23,Spanish Grand Prix,24,1452,59996,53,1,4.361974078999992,1.3791244990594613,3.370698159755938,1.8359461211473331,0.05006642529459612
raw_circuit_7,development,2024-06-23::Spanish Grand Prix,2024-06-23,Spanish Grand Prix,31,1452,59996,53,1,4.639675057999966,0.9397981610942661,2.1294895656562947,1.459277069530079,0.02748559896240792
raw_circuit_age_interactions,development,2024-06-23::Spanish Grand Prix,2024-06-23,Spanish Grand Prix,37,1452,59996,53,1,4.8324258020001025,2.244726533419787,7.0077105150354,2.64720806039786,0.01879505123152148
pca4_no_age_interactions,development,2024-06-23::Spanish Grand Prix,2024-06-23,Spanish Grand Prix,28,1452,59996,53,1,4.502804971000046,1.0838918365204373,2.5960454313852894,1.6112248233518778,0.028910985331328336
no_circuit,development,2024-06-30::Austrian Grand Prix,2024-06-30,Austrian Grand Prix,24,1686,61448,54,1,4.42184794700006,0.7218571524757103,0.7711636362306766,0.8781592317061164,0.21828437144437554
raw_circuit_7,development,2024-06-30::Austrian Grand Prix,2024-06-30,Austrian Grand Prix,31,1686,61448,54,1,4.794378012999914,1.022601821473721,1.3249372251853528,1.1510591753621326,0.21595404558993714
raw_circuit_age_interactions,development,2024-06-30::Austrian Grand Prix,2024-06-30,Austrian Grand Prix,37,1686,61448,54,1,4.919083285000056,0.8892944917818253,1.0086911858877723,1.0043361916648093,0.1819803777850922
pca4_no_age_interactions,development,2024-06-30::Austrian Grand Prix,2024-06-30,Austrian Grand Prix,28,1686,61448,54,1,4.607633665000094,0.7402801701708933,0.7574916146038596,0.8703399419789142,0.2139783885505839
no_circuit,development,2024-07-07::British Grand Prix,2024-07-07,British Grand Prix,24,1039,63134,55,1,4.53494192200003,1.8093578577136042,6.9291797368042465,2.632333515496136,0.0770425237884541
raw_circuit_7,development,2024-07-07::British Grand Prix,2024-07-07,British Grand Prix,31,1039,63134,55,1,4.885642534999988,2.0942457102692114,7.943239262118811,2.818375287664652,0.08395656389771015
raw_circuit_age_interactions,development,2024-07-07::British Grand Prix,2024-07-07,British Grand Prix,37,1039,63134,55,1,5.122398355999962,2.316813100745332,9.635878794947047,3.1041711929188196,0.2318351714657046
pca4_no_age_interactions,development,2024-07-07::British Grand Prix,2024-07-07,British Grand Prix,28,1039,63134,55,1,4.666182628999991,1.9284355765914236,7.014489417099229,2.6484881379948124,0.0888831262530271
no_circuit,development,2024-07-21::Hungarian Grand Prix,2024-07-21,Hungarian Grand Prix,24,1384,64173,56,1,4.629593807999981,0.7801772835800719,0.9936959625680188,0.9968429979530472,0.01606154011768303
raw_circuit_7,development,2024-07-21::Hungarian Grand Prix,2024-07-21,Hungarian Grand Prix,31,1384,64173,56,1,4.923601110999925,0.6930745545713759,0.8925418485270725,0.944744329714168,0.01129068681787324
raw_circuit_age_interactions,development,2024-07-21::Hungarian Grand Prix,2024-07-21,Hungarian Grand Prix,37,1384,64173,56,1,5.171958456000084,0.6822918603377128,0.8326890676807134,0.9125179821136202,0.011035939011898635
pca4_no_age_interactions,development,2024-07-21::Hungarian Grand Prix,2024-07-21,Hungarian Grand Prix,28,1384,64173,56,1,4.722799280000004,0.7118473319641632,0.8664254197035927,0.9308197568292116,0.0073103419145858365
no_circuit,development,2024-07-28::Belgian Grand Prix,2024-07-28,Belgian Grand Prix,24,909,65557,57,1,4.588926941999944,3.8627614062357587,15.91864784207423,3.989818021172674,0.021962094054647704
raw_circuit_7,development,2024-07-28::Belgian Grand Prix,2024-07-28,Belgian Grand Prix,31,909,65557,57,1,4.994164318999992,4.406497057543697,20.610522006562018,4.539881276703392,0.04747133225237263
raw_circuit_age_interactions,development,2024-07-28::Belgian Grand Prix,2024-07-28,Belgian Grand Prix,37,909,65557,57,1,5.241951098999948,4.942790258403912,25.861169379631335,5.0853878298150805,0.03026175812868026
pca4_no_age_interactions,development,2024-07-28::Belgian Grand Prix,2024-07-28,Belgian Grand Prix,28,909,65557,57,1,4.843788525000036,4.23896091512206,19.024280159179973,4.361683179597066,0.043715409432162046
no_circuit,development,2024-08-25::Dutch Grand Prix,2024-08-25,Dutch Grand Prix,24,1655,66466,58,1,4.812967716999992,0.7407014228375407,0.9834232899265659,0.9916770088726298,0.05580488479534785
raw_circuit_7,development,2024-08-25::Dutch Grand Prix,2024-08-25,Dutch Grand Prix,31,1655,66466,58,1,5.137935502999994,0.5808938485830064,0.770775905353022,0.8779384405258844,0.04618195969419756
raw_circuit_age_interactions,development,2024-08-25::Dutch Grand Prix,2024-08-25,Dutch Grand Prix,37,1655,66466,58,1,5.36775904700005,0.6174350341728755,0.8547643974124083,0.9245346923790412,0.05189523913262247
pca4_no_age_interactions,development,2024-08-25::Dutch Grand Prix,2024-08-25,Dutch Grand Prix,28,1655,66466,58,1,4.973252147000039,0.6892648966871612,0.9239561756606706,0.9612263914711615,0.05651136829050534
no_circuit,development,2024-09-01::Italian Grand Prix,2024-09-01,Italian Grand Prix,24,1096,68121,59,1,4.8766838299999336,3.3247706476302064,12.879281801692002,3.5887716285230526,0.11830019238093505
raw_circuit_7,development,2024-09-01::Italian Grand Prix,2024-09-01,Italian Grand Prix,31,1096,68121,59,1,5.320967436999922,3.3008652145937494,12.587449964219735,3.547879643423623,0.1221296568375974
raw_circuit_age_interactions,development,2024-09-01::Italian Grand Prix,2024-09-01,Italian Grand Prix,37,1096,68121,59,1,5.5057444700000815,3.0808593301622174,11.26661466762264,3.356577820879868,0.10883186687323594
pca4_no_age_interactions,development,2024-09-01::Italian Grand Prix,2024-09-01,Italian Grand Prix,28,1096,68121,59,1,5.067825742999958,3.520254916855085,14.52307200851988,3.81091485191153,0.13188771109177452
no_circuit,development,2024-09-15::Azerbaijan Grand Prix,2024-09-15,Azerbaijan Grand Prix,24,978,69217,60,1,5.064280824999969,0.8485833526906515,2.158705543548205,1.4692533966434125,0.2018816581048661
raw_circuit_7,development,2024-09-15::Azerbaijan Grand Prix,2024-09-15,Azerbaijan Grand Prix,31,978,69217,60,1,5.352582812999913,1.0365307402992043,2.7157975725589445,1.647967709804699,0.21515164874611822
raw_circuit_age_interactions,development,2024-09-15::Azerbaijan Grand Prix,2024-09-15,Azerbaijan Grand Prix,37,978,69217,60,1,5.584450623000066,1.0725772709109436,2.847019808876937,1.6873114143147783,0.22368053076141722
pca4_no_age_interactions,development,2024-09-15::Azerbaijan Grand Prix,2024-09-15,Azerbaijan Grand Prix,28,978,69217,60,1,5.125540612999998,1.0753665684494287,2.776775245138589,1.6663658797330763,0.2084838890675611
no_circuit,development,2024-09-22::Singapore Grand Prix,2024-09-22,Singapore Grand Prix,24,1262,70195,61,1,5.060655593999968,1.3700223082404117,3.0418374826507852,1.7440864321044371,0.037156143017681886
raw_circuit_7,development,2024-09-22::Singapore Grand Prix,2024-09-22,Singapore Grand Prix,31,1262,70195,61,1,5.421667283000033,2.0876429914084507,5.683342503879457,2.3839761961646047,0.053618663008202304
raw_circuit_age_interactions,development,2024-09-22::Singapore Grand Prix,2024-09-22,Singapore Grand Prix,37,1262,70195,61,1,5.686842927000043,2.0411267057389306,5.855263551917447,2.4197651852850197,0.053091880897364385
pca4_no_age_interactions,development,2024-09-22::Singapore Grand Prix,2024-09-22,Singapore Grand Prix,28,1262,70195,61,1,5.314209168000048,1.9477377675295722,5.4471236284029905,2.3339073735696947,0.057222228346119425
no_circuit,development,2024-10-20::United States Grand Prix,2024-10-20,United States Grand Prix,24,1241,71457,62,1,5.247458896000012,1.4182215802644833,2.5336924906019354,1.5917576733290577,0.428295420900949
raw_circuit_7,development,2024-10-20::United States Grand Prix,2024-10-20,United States Grand Prix,31,1241,71457,62,1,5.5796721670000125,2.1541261721879184,5.336186465137307,2.310018715321871,0.4130446002175387
raw_circuit_age_interactions,development,2024-10-20::United States Grand Prix,2024-10-20,United States Grand Prix,37,1241,71457,62,1,5.817858502999911,2.430498742199048,6.592049306484814,2.5674986478058393,0.3988877452452586
pca4_no_age_interactions,development,2024-10-20::United States Grand Prix,2024-10-20,United States Grand Prix,28,1241,71457,62,1,5.387255870999979,1.4588208919568306,2.7722070937210845,1.6649946227303811,0.4362249638496169
no_circuit,development,2024-10-27::Mexico City Grand Prix,2024-10-27,Mexico City Grand Prix,24,1067,72698,63,1,5.243185941999968,1.98225697228537,7.043064951355622,2.6538773429372395,0.5680642078235368
raw_circuit_7,development,2024-10-27::Mexico City Grand Prix,2024-10-27,Mexico City Grand Prix,31,1067,72698,63,1,5.6532686369999965,1.7741267792134356,6.26799870057341,2.5035971522138722,0.5925119176437089
raw_circuit_age_interactions,development,2024-10-27::Mexico City Grand Prix,2024-10-27,Mexico City Grand Prix,37,1067,72698,63,1,5.829340937999973,2.338375521416335,9.091463270637693,3.0152053446884333,0.580147928987626
pca4_no_age_interactions,development,2024-10-27::Mexico City Grand Prix,2024-10-27,Mexico City Grand Prix,28,1067,72698,63,1,5.470734816000004,1.540623069522282,5.569876623630828,2.3600586059737645,0.574188849528169
no_circuit,development,2024-11-03::São Paulo Grand Prix,2024-11-03,São Paulo Grand Prix,24,1146,73765,64,1,5.384435076000045,6.624175478253898,49.27486761450744,7.019605944389432,0.021279664120991755
raw_circuit_7,development,2024-11-03::São Paulo Grand Prix,2024-11-03,São Paulo Grand Prix,31,1146,73765,64,1,5.656483544000025,4.206182547722355,19.085952190089973,4.368747210595959,0.014395173954096108
raw_circuit_age_interactions,development,2024-11-03::São Paulo Grand Prix,2024-11-03,São Paulo Grand Prix,37,1146,73765,64,1,5.915731912999945,2.354323935283847,7.575408343948604,2.752345970976142,0.011453929382058498
pca4_no_age_interactions,development,2024-11-03::São Paulo Grand Prix,2024-11-03,São Paulo Grand Prix,28,1146,73765,64,1,5.5452292310000075,4.1081275408903295,18.108147028967593,4.2553668501044175,0.024262608180034225
no_circuit,development,2024-11-23::Las Vegas Grand Prix,2024-11-23,Las Vegas Grand Prix,24,1035,74911,65,1,5.470667817000049,1.6520404095315975,13.57243036233096,3.684077952803247,0.1665847315540319
raw_circuit_7,development,2024-11-23::Las Vegas Grand Prix,2024-11-23,Las Vegas Grand Prix,31,1035,74911,65,1,5.7704993689999355,1.5633139828159117,13.428070306025944,3.6644331493460136,0.13331515247247008
raw_circuit_age_interactions,development,2024-11-23::Las Vegas Grand Prix,2024-11-23,Las Vegas Grand Prix,37,1035,74911,65,1,6.070684581000023,1.551016100865958,13.353791750284213,3.65428402704062,0.1257693256304817
pca4_no_age_interactions,development,2024-11-23::Las Vegas Grand Prix,2024-11-23,Las Vegas Grand Prix,28,1035,74911,65,1,5.660132322999971,1.5563484589682866,13.264988522646973,3.642113194650459,0.10828912727231281
no_circuit,development,2024-12-01::Qatar Grand Prix,2024-12-01,Qatar Grand Prix,24,1019,75946,66,1,5.517742447000046,2.9690092541236943,9.857691446020912,3.139696075422096,0.07431514083100615
raw_circuit_7,development,2024-12-01::Qatar Grand Prix,2024-12-01,Qatar Grand Prix,31,1019,75946,66,1,5.906873155000085,3.1818108154889404,11.049918865018006,3.3241418238423592,0.05986490116706868
raw_circuit_age_interactions,development,2024-12-01::Qatar Grand Prix,2024-12-01,Qatar Grand Prix,37,1019,75946,66,1,6.164423136999972,3.1046858138829925,10.440593105924215,3.231190663814844,0.05840609962937752
pca4_no_age_interactions,development,2024-12-01::Qatar Grand Prix,2024-12-01,Qatar Grand Prix,28,1019,75946,66,1,5.7282731839999315,2.8279191645461927,8.867668156205646,2.97786301837503,0.057249419710211975
no_circuit,development,2024-12-08::Abu Dhabi Grand Prix,2024-12-08,Abu Dhabi Grand Prix,24,1062,76965,67,1,5.5795865850000155,1.1249318396623644,1.9042148823925802,1.3799329267731024,0.06842799260214971
raw_circuit_7,development,2024-12-08::Abu Dhabi Grand Prix,2024-12-08,Abu Dhabi Grand Prix,31,1062,76965,67,1,5.891651978000027,1.3087379484116966,2.316003914047573,1.5218422763373256,0.04438165108093018
raw_circuit_age_interactions,development,2024-12-08::Abu Dhabi Grand Prix,2024-12-08,Abu Dhabi Grand Prix,37,1062,76965,67,1,6.20540110200011,1.173680762882604,1.9375444423393486,1.3919570547755231,0.05493765202122724
pca4_no_age_interactions,development,2024-12-08::Abu Dhabi Grand Prix,2024-12-08,Abu Dhabi Grand Prix,28,1062,76965,67,1,5.813745562000008,1.1918434084253093,1.9892971577283256,1.4104244601283422,0.03884224653182453
no_circuit,frozen_2025,2025-03-16::Australian Grand Prix,2025-03-16,Australian Grand Prix,24,766,78027,68,1,0.0,2.106312852195719,8.619522264412563,2.935902291359943,0.11139163275977604
no_circuit,frozen_2025,2025-03-23::Chinese Grand Prix,2025-03-23,Chinese Grand Prix,24,1300,78027,68,1,0.0,2.5457945029767575,7.422954825107473,2.7245100156005067,0.07621912412209067
no_circuit,frozen_2025,2025-04-06::Japanese Grand Prix,2025-04-06,Japanese Grand Prix,24,1003,78027,68,1,0.0,4.800970321186915,23.742609967529553,4.872638912081373,0.04142443870126979
no_circuit,frozen_2025,2025-04-13::Bahrain Grand Prix,2025-04-13,Bahrain Grand Prix,24,1161,78027,68,1,0.0,0.9964562359421708,1.5454659357294283,1.24316770217434,0.02278549933322627
no_circuit,frozen_2025,2025-04-20::Saudi Arabian Grand Prix,2025-04-20,Saudi Arabian Grand Prix,24,866,78027,68,1,0.0,0.6963503754023159,1.0138399497517612,1.0068961961154492,0.2901066836370491
no_circuit,frozen_2025,2025-05-04::Miami Grand Prix,2025-05-04,Miami Grand Prix,24,625,78027,68,1,0.0,1.8130107732090803,4.7364416112040795,2.1763367412245924,0.028258961574225083
no_circuit,frozen_2025,2025-05-18::Emilia Romagna Grand Prix,2025-05-18,Emilia Romagna Grand Prix,24,1108,78027,68,1,0.0,0.7480810832908721,1.4510221969072796,1.2045838272645368,0.20815258004389844
no_circuit,frozen_2025,2025-05-25::Monaco Grand Prix,2025-05-25,Monaco Grand Prix,24,1400,78027,68,1,0.0,1.7370519171081904,7.309772163479324,2.7036590324002256,0.01515906380362679
no_circuit,frozen_2025,2025-06-01::Spanish Grand Prix,2025-06-01,Spanish Grand Prix,24,1234,78027,68,1,0.0,1.0503825836396752,2.325212414218008,1.5248647199728926,0.15288944434778304
no_circuit,frozen_2025,2025-06-15::Canadian Grand Prix,2025-06-15,Canadian Grand Prix,24,1462,78027,68,1,0.0,1.7475086255319319,6.788728583230016,2.6055188702502265,0.04535171189597383
no_circuit,frozen_2025,2025-06-29::Austrian Grand Prix,2025-06-29,Austrian Grand Prix,24,1280,78027,68,1,0.0,1.2257911475534748,2.4015300881218278,1.549687093616588,0.01940584984898767
no_circuit,frozen_2025,2025-07-06::British Grand Prix,2025-07-06,British Grand Prix,24,580,78027,68,1,0.0,1.6367373185219447,4.63294959391169,2.1524287662804755,0.19449929206705407
no_circuit,frozen_2025,2025-07-27::Belgian Grand Prix,2025-07-27,Belgian Grand Prix,24,943,78027,68,1,0.0,4.969127938883449,26.728600246034134,5.169971010173474,0.19193230122491817
no_circuit,frozen_2025,2025-08-03::Hungarian Grand Prix,2025-08-03,Hungarian Grand Prix,24,1489,78027,68,1,0.0,1.9777505133119462,5.007595171940128,2.2377656651088667,0.0402944152287206
no_circuit,frozen_2025,2025-08-31::Dutch Grand Prix,2025-08-31,Dutch Grand Prix,24,1169,78027,68,1,0.0,1.5205856716211252,13.60641513379668,3.6886874540677312,0.05713714557365337
no_circuit,frozen_2025,2025-09-07::Italian Grand Prix,2025-09-07,Italian Grand Prix,24,1092,78027,68,1,0.0,3.474465635966493,13.265101649673179,3.6421287250278755,0.02322591129135389
no_circuit,frozen_2025,2025-09-21::Azerbaijan Grand Prix,2025-09-21,Azerbaijan Grand Prix,24,849,78027,68,1,0.0,0.7511041620835612,1.0641019352669112,1.0315531664761206,0.08084799648096451
no_circuit,frozen_2025,2025-10-05::Singapore Grand Prix,2025-10-05,Singapore Grand Prix,24,1178,78027,68,1,0.0,3.500523363767365,33.90609903567572,5.822894386443543,0.06459353299040423
no_circuit,frozen_2025,2025-10-19::United States Grand Prix,2025-10-19,United States Grand Prix,24,1095,78027,68,1,0.0,1.1180351782891562,1.8187197447998766,1.3485991787035452,0.015749702019033338
no_circuit,frozen_2025,2025-10-26::Mexico City Grand Prix,2025-10-26,Mexico City Grand Prix,24,1374,78027,68,1,0.0,1.7672599133688731,4.072378013999778,2.0180133830080953,0.024732645975957385
no_circuit,frozen_2025,2025-11-09::São Paulo Grand Prix,2025-11-09,São Paulo Grand Prix,24,1369,78027,68,1,0.0,2.2975052449334523,5.799350368962098,2.4081840396784666,0.03401624910492645
no_circuit,frozen_2025,2025-11-22::Las Vegas Grand Prix,2025-11-22,Las Vegas Grand Prix,24,876,78027,68,1,0.0,3.4504124124139346,41.88903668592733,6.472174030874582,0.2436750566372902
no_circuit,frozen_2025,2025-11-30::Qatar Grand Prix,2025-11-30,Qatar Grand Prix,24,1273,78027,68,1,0.0,1.938488904331681,4.514702547124441,2.124782941178802,0.037557680933690114
no_circuit,frozen_2025,2025-12-07::Abu Dhabi Grand Prix,2025-12-07,Abu Dhabi Grand Prix,24,1338,78027,68,1,0.0,0.9037938354892346,3.0452858951870057,1.7450747534667406,0.04929744040455622
raw_circuit_7,frozen_2025,2025-03-16::Australian Grand Prix,2025-03-16,Australian Grand Prix,31,766,78027,68,1,0.0,1.9536928095480455,7.843926964953772,2.800701155952518,0.10170965461672063
raw_circuit_7,frozen_2025,2025-03-23::Chinese Grand Prix,2025-03-23,Chinese Grand Prix,31,1300,78027,68,1,0.0,3.1166523117453755,10.436578685613963,3.2305694057880823,0.036486692586645955
raw_circuit_7,frozen_2025,2025-04-06::Japanese Grand Prix,2025-04-06,Japanese Grand Prix,31,1003,78027,68,1,0.0,4.757765074318148,23.35968545099631,4.833185849002323,0.03656199581614896
raw_circuit_7,frozen_2025,2025-04-13::Bahrain Grand Prix,2025-04-13,Bahrain Grand Prix,31,1161,78027,68,1,0.0,0.8414151384111251,1.2043722273252608,1.0974389401352864,0.025624244699892645
raw_circuit_7,frozen_2025,2025-04-20::Saudi Arabian Grand Prix,2025-04-20,Saudi Arabian Grand Prix,31,866,78027,68,1,0.0,0.8821120099636159,1.2839534501153371,1.1331166974832456,0.22323181164534378
raw_circuit_7,frozen_2025,2025-05-04::Miami Grand Prix,2025-05-04,Miami Grand Prix,31,625,78027,68,1,0.0,0.9772602097769036,1.3795877833005128,1.1745585482642034,0.04763855037902517
raw_circuit_7,frozen_2025,2025-05-18::Emilia Romagna Grand Prix,2025-05-18,Emilia Romagna Grand Prix,31,1108,78027,68,1,0.0,0.7624131018956344,1.4538855233495283,1.2057717542509976,0.2090614414537072
raw_circuit_7,frozen_2025,2025-05-25::Monaco Grand Prix,2025-05-25,Monaco Grand Prix,31,1400,78027,68,1,0.0,2.1634379352058732,9.209593692307733,3.034731238892125,0.031058945890726383
raw_circuit_7,frozen_2025,2025-06-01::Spanish Grand Prix,2025-06-01,Spanish Grand Prix,31,1234,78027,68,1,0.0,1.178918435432437,3.1680971754694123,1.7799149348970058,0.16425824298591582
raw_circuit_7,frozen_2025,2025-06-15::Canadian Grand Prix,2025-06-15,Canadian Grand Prix,31,1462,78027,68,1,0.0,2.4958290283950375,9.817113015675782,3.133227252478789,0.04217161091764079
raw_circuit_7,frozen_2025,2025-06-29::Austrian Grand Prix,2025-06-29,Austrian Grand Prix,31,1280,78027,68,1,0.0,1.0188774878734577,1.8107528081066497,1.3456421545517403,0.014683611499259683
raw_circuit_7,frozen_2025,2025-07-06::British Grand Prix,2025-07-06,British Grand Prix,31,580,78027,68,1,0.0,2.1340591437655703,6.903314009336808,2.6274158424841714,0.26539423131317186
raw_circuit_7,frozen_2025,2025-07-27::Belgian Grand Prix,2025-07-27,Belgian Grand Prix,31,943,78027,68,1,0.0,5.320069917277228,31.03581453990298,5.570979675057429,0.21623054816253856
raw_circuit_7,frozen_2025,2025-08-03::Hungarian Grand Prix,2025-08-03,Hungarian Grand Prix,31,1489,78027,68,1,0.0,1.927197417945816,4.761065167390503,2.181986518608789,0.03909457748715198
raw_circuit_7,frozen_2025,2025-08-31::Dutch Grand Prix,2025-08-31,Dutch Grand Prix,31,1169,78027,68,1,0.0,1.258697777322428,13.272781965105702,3.643182944226889,0.06468309146169428
raw_circuit_7,frozen_2025,2025-09-07::Italian Grand Prix,2025-09-07,Italian Grand Prix,31,1092,78027,68,1,0.0,3.2270607582903095,11.667564222441001,3.415781641504767,0.025642451565476402
raw_circuit_7,frozen_2025,2025-09-21::Azerbaijan Grand Prix,2025-09-21,Azerbaijan Grand Prix,31,849,78027,68,1,0.0,1.747624806061168,3.826621628453311,1.9561752550457516,0.07587795825746589
raw_circuit_7,frozen_2025,2025-10-05::Singapore Grand Prix,2025-10-05,Singapore Grand Prix,31,1178,78027,68,1,0.0,3.7678482964207247,38.7305001636188,6.223383337351058,0.06540120194933344
raw_circuit_7,frozen_2025,2025-10-19::United States Grand Prix,2025-10-19,United States Grand Prix,31,1095,78027,68,1,0.0,0.830044272511715,1.21108866096606,1.1004947346380445,0.01731314162031904
raw_circuit_7,frozen_2025,2025-10-26::Mexico City Grand Prix,2025-10-26,Mexico City Grand Prix,31,1374,78027,68,1,0.0,1.5580943070023494,3.5123006634770126,1.8741133005976487,0.02365265032216793
raw_circuit_7,frozen_2025,2025-11-09::São Paulo Grand Prix,2025-11-09,São Paulo Grand Prix,31,1369,78027,68,1,0.0,1.715714845869856,3.543097631232218,1.8823117784342258,0.046344392704200814
raw_circuit_7,frozen_2025,2025-11-22::Las Vegas Grand Prix,2025-11-22,Las Vegas Grand Prix,31,876,78027,68,1,0.0,3.4920368542807774,41.5897869923549,6.449014420231583,0.2430780889645407
raw_circuit_7,frozen_2025,2025-11-30::Qatar Grand Prix,2025-11-30,Qatar Grand Prix,31,1273,78027,68,1,0.0,1.4674765999870432,2.6920775329452744,1.6407551715430533,0.02300673552451252
raw_circuit_7,frozen_2025,2025-12-07::Abu Dhabi Grand Prix,2025-12-07,Abu Dhabi Grand Prix,31,1338,78027,68,1,0.0,1.0199668014729733,3.2347093128404296,1.7985297642353406,0.05109915003688287
raw_circuit_age_interactions,frozen_2025,2025-03-16::Australian Grand Prix,2025-03-16,Australian Grand Prix,37,766,78027,68,1,0.0,2.6448579741203226,11.067255870353238,3.326748543300686,0.1074963783906406
raw_circuit_age_interactions,frozen_2025,2025-03-23::Chinese Grand Prix,2025-03-23,Chinese Grand Prix,37,1300,78027,68,1,0.0,3.1062872684343157,10.774169667487975,3.2824030324577715,0.06578498370118847
raw_circuit_age_interactions,frozen_2025,2025-04-06::Japanese Grand Prix,2025-04-06,Japanese Grand Prix,37,1003,78027,68,1,0.0,4.403705598115491,19.913082107841657,4.462407658186515,0.01057455248487601
raw_circuit_age_interactions,frozen_2025,2025-04-13::Bahrain Grand Prix,2025-04-13,Bahrain Grand Prix,37,1161,78027,68,1,0.0,1.089000468764894,1.79157694114446,1.3384980168623561,0.020891931324984864
raw_circuit_age_interactions,frozen_2025,2025-04-20::Saudi Arabian Grand Prix,2025-04-20,Saudi Arabian Grand Prix,37,866,78027,68,1,0.0,0.7911147073705332,1.191358675576232,1.0914937817396084,0.24667852172570928
raw_circuit_age_interactions,frozen_2025,2025-05-04::Miami Grand Prix,2025-05-04,Miami Grand Prix,37,625,78027,68,1,0.0,1.1179253019165336,1.8114559837316424,1.3459034080243806,0.07466735173490592
raw_circuit_age_interactions,frozen_2025,2025-05-18::Emilia Romagna Grand Prix,2025-05-18,Emilia Romagna Grand Prix,37,1108,78027,68,1,0.0,0.7813407509640349,1.5122644632168707,1.229741624576834,0.20744457225243673
raw_circuit_age_interactions,frozen_2025,2025-05-25::Monaco Grand Prix,2025-05-25,Monaco Grand Prix,37,1400,78027,68,1,0.0,2.3422477048381682,9.948783264771386,3.154169187721449,0.03382730678225288
raw_circuit_age_interactions,frozen_2025,2025-06-01::Spanish Grand Prix,2025-06-01,Spanish Grand Prix,37,1234,78027,68,1,0.0,1.1697394335566165,2.889028161498095,1.6997141411125858,0.1715850695472961
raw_circuit_age_interactions,frozen_2025,2025-06-15::Canadian Grand Prix,2025-06-15,Canadian Grand Prix,37,1462,78027,68,1,0.0,2.5602405724585857,9.95628229784231,3.155357713135281,0.04184758467804194
raw_circuit_age_interactions,frozen_2025,2025-06-29::Austrian Grand Prix,2025-06-29,Austrian Grand Prix,37,1280,78027,68,1,0.0,0.9960348384149663,1.7653796619364939,1.3286759055301989,0.012482902624875475
raw_circuit_age_interactions,frozen_2025,2025-07-06::British Grand Prix,2025-07-06,British Grand Prix,37,580,78027,68,1,0.0,2.1384917824667458,6.597897924280208,2.568637367220256,0.2671480328141476
raw_circuit_age_interactions,frozen_2025,2025-07-27::Belgian Grand Prix,2025-07-27,Belgian Grand Prix,37,943,78027,68,1,0.0,4.867070328586024,25.995554167518822,5.098583545213202,0.19709410752682402
raw_circuit_age_interactions,frozen_2025,2025-08-03::Hungarian Grand Prix,2025-08-03,Hungarian Grand Prix,37,1489,78027,68,1,0.0,1.926599843762346,4.826608355888437,2.196954336323001,0.026927062203881816
raw_circuit_age_interactions,frozen_2025,2025-08-31::Dutch Grand Prix,2025-08-31,Dutch Grand Prix,37,1169,78027,68,1,0.0,1.2128980871026935,13.294244827388033,3.646127373993952,0.06022284544311726
raw_circuit_age_interactions,frozen_2025,2025-09-07::Italian Grand Prix,2025-09-07,Italian Grand Prix,37,1092,78027,68,1,0.0,3.2323009847732735,11.672715525270927,3.416535602810386,0.022519974884506674
raw_circuit_age_interactions,frozen_2025,2025-09-21::Azerbaijan Grand Prix,2025-09-21,Azerbaijan Grand Prix,37,849,78027,68,1,0.0,1.8825219326369134,4.242153478376146,2.059648872593614,0.07338709688544821
raw_circuit_age_interactions,frozen_2025,2025-10-05::Singapore Grand Prix,2025-10-05,Singapore Grand Prix,37,1178,78027,68,1,0.0,3.6482304734904334,35.41333825538558,5.950910708066925,0.06326491875240088
raw_circuit_age_interactions,frozen_2025,2025-10-19::United States Grand Prix,2025-10-19,United States Grand Prix,37,1095,78027,68,1,0.0,0.8528172450112083,1.2644366250358932,1.1244717093088172,0.023358699604421995
raw_circuit_age_interactions,frozen_2025,2025-10-26::Mexico City Grand Prix,2025-10-26,Mexico City Grand Prix,37,1374,78027,68,1,0.0,1.4689646521660185,3.1693882213619307,1.7802775686285357,0.023338401368745248
raw_circuit_age_interactions,frozen_2025,2025-11-09::São Paulo Grand Prix,2025-11-09,São Paulo Grand Prix,37,1369,78027,68,1,0.0,1.697858837171056,3.4555326675519367,1.8589063095142628,0.044119742899444724
raw_circuit_age_interactions,frozen_2025,2025-11-22::Las Vegas Grand Prix,2025-11-22,Las Vegas Grand Prix,37,876,78027,68,1,0.0,3.416917400140757,41.176222393039666,6.416870139954499,0.24206210131985947
raw_circuit_age_interactions,frozen_2025,2025-11-30::Qatar Grand Prix,2025-11-30,Qatar Grand Prix,37,1273,78027,68,1,0.0,1.4218185101210168,2.5259852135305563,1.589334833674313,0.014010592660584296
raw_circuit_age_interactions,frozen_2025,2025-12-07::Abu Dhabi Grand Prix,2025-12-07,Abu Dhabi Grand Prix,37,1338,78027,68,1,0.0,0.9352951952489342,3.0706710002078106,1.7523330163549995,0.06988469923395348
pca4_no_age_interactions,frozen_2025,2025-03-16::Australian Grand Prix,2025-03-16,Australian Grand Prix,28,766,78027,68,1,0.0,1.7263196775119989,7.17350587207771,2.678340133754059,0.09656972379917363
pca4_no_age_interactions,frozen_2025,2025-03-23::Chinese Grand Prix,2025-03-23,Chinese Grand Prix,28,1300,78027,68,1,0.0,3.2256570003915916,11.159263882655479,3.340548440399492,0.022033809514970602
pca4_no_age_interactions,frozen_2025,2025-04-06::Japanese Grand Prix,2025-04-06,Japanese Grand Prix,28,1003,78027,68,1,0.0,5.492531311350427,31.319746115657786,5.596404749091848,0.03196860601870538
pca4_no_age_interactions,frozen_2025,2025-04-13::Bahrain Grand Prix,2025-04-13,Bahrain Grand Prix,28,1161,78027,68,1,0.0,0.8504769197509002,1.2368700153941596,1.1121465799948134,0.03226874654514231
pca4_no_age_interactions,frozen_2025,2025-04-20::Saudi Arabian Grand Prix,2025-04-20,Saudi Arabian Grand Prix,28,866,78027,68,1,0.0,0.8114697837378235,1.2444602346498623,1.1155537793624575,0.3167353879836164
pca4_no_age_interactions,frozen_2025,2025-05-04::Miami Grand Prix,2025-05-04,Miami Grand Prix,28,625,78027,68,1,0.0,1.1115241151400823,1.8319560334070077,1.3534977035100606,0.035942631988413846
pca4_no_age_interactions,frozen_2025,2025-05-18::Emilia Romagna Grand Prix,2025-05-18,Emilia Romagna Grand Prix,28,1108,78027,68,1,0.0,0.7508705314910141,1.48452028454606,1.2184089151619255,0.2526530163214596
pca4_no_age_interactions,frozen_2025,2025-05-25::Monaco Grand Prix,2025-05-25,Monaco Grand Prix,28,1400,78027,68,1,0.0,2.3756818894260285,10.345172076571137,3.2163911572710084,0.03891403105555309
pca4_no_age_interactions,frozen_2025,2025-06-01::Spanish Grand Prix,2025-06-01,Spanish Grand Prix,28,1234,78027,68,1,0.0,1.3165870896510579,3.5010028700675764,1.8710967024896326,0.17840983270480834
pca4_no_age_interactions,frozen_2025,2025-06-15::Canadian Grand Prix,2025-06-15,Canadian Grand Prix,28,1462,78027,68,1,0.0,2.3139415447634293,8.675463609672168,2.9454139963122614,0.021607720006495957
pca4_no_age_interactions,frozen_2025,2025-06-29::Austrian Grand Prix,2025-06-29,Austrian Grand Prix,28,1280,78027,68,1,0.0,0.8126470077645843,1.4975002545133471,1.2237239290433717,0.010525161597036009
pca4_no_age_interactions,frozen_2025,2025-07-06::British Grand Prix,2025-07-06,British Grand Prix,28,580,78027,68,1,0.0,1.382085755324385,3.006741297857146,1.733995760622599,0.21118836977398403
pca4_no_age_interactions,frozen_2025,2025-07-27::Belgian Grand Prix,2025-07-27,Belgian Grand Prix,28,943,78027,68,1,0.0,5.760924022303851,35.43753276174141,5.952943201622321,0.1749001044217301
pca4_no_age_interactions,frozen_2025,2025-08-03::Hungarian Grand Prix,2025-08-03,Hungarian Grand Prix,28,1489,78027,68,1,0.0,1.8022807776922434,4.294576767762408,2.0723360653529164,0.03449178190496267
pca4_no_age_interactions,frozen_2025,2025-08-31::Dutch Grand Prix,2025-08-31,Dutch Grand Prix,28,1169,78027,68,1,0.0,1.2185424062647734,13.027884457669689,3.609416082646844,0.055618692338211484
pca4_no_age_interactions,frozen_2025,2025-09-07::Italian Grand Prix,2025-09-07,Italian Grand Prix,28,1092,78027,68,1,0.0,3.3315701788838394,12.4147011470367,3.5234501766076813,0.03542576842693911
pca4_no_age_interactions,frozen_2025,2025-09-21::Azerbaijan Grand Prix,2025-09-21,Azerbaijan Grand Prix,28,849,78027,68,1,0.0,1.163757937173335,1.9638908671785296,1.4013889064704808,0.09059651621652613
pca4_no_age_interactions,frozen_2025,2025-10-05::Singapore Grand Prix,2025-10-05,Singapore Grand Prix,28,1178,78027,68,1,0.0,3.830119673098799,39.02308503275368,6.246846006806449,0.06655166807699732
pca4_no_age_interactions,frozen_2025,2025-10-19::United States Grand Prix,2025-10-19,United States Grand Prix,28,1095,78027,68,1,0.0,0.872150455824093,1.4298414640515533,1.1957597852627229,0.02737837250703727
pca4_no_age_interactions,frozen_2025,2025-10-26::Mexico City Grand Prix,2025-10-26,Mexico City Grand Prix,28,1374,78027,68,1,0.0,1.7020163287633443,3.9211038074824542,1.9801777211862712,0.025707800091515142
pca4_no_age_interactions,frozen_2025,2025-11-09::São Paulo Grand Prix,2025-11-09,São Paulo Grand Prix,28,1369,78027,68,1,0.0,1.68003108615467,3.3031232459973032,1.8174496543225904,0.030842147132999764
pca4_no_age_interactions,frozen_2025,2025-11-22::Las Vegas Grand Prix,2025-11-22,Las Vegas Grand Prix,28,876,78027,68,1,0.0,3.5340066682315925,41.345648707376874,6.430058219594662,0.24346320333121774
pca4_no_age_interactions,frozen_2025,2025-11-30::Qatar Grand Prix,2025-11-30,Qatar Grand Prix,28,1273,78027,68,1,0.0,0.7363421678811906,0.8428070734953432,0.9180452458867936,0.008757427900250886
pca4_no_age_interactions,frozen_2025,2025-12-07::Abu Dhabi Grand Prix,2025-12-07,Abu Dhabi Grand Prix,28,1338,78027,68,1,0.0,1.0078013825741448,3.1574094563679034,1.776910086742687,0.06310051715443449
no_driver,ablation_development,2022-06-12::Azerbaijan Grand Prix,2022-06-12,Azerbaijan Grand Prix,27,886,7704,7,1,0.0,1.0583196479834287,6.569886365087201,2.563178956898484,0.1299709416741847
no_constructor,ablation_development,2022-06-12::Azerbaijan Grand Prix,2022-06-12,Azerbaijan Grand Prix,27,886,7704,7,1,0.0,1.063327130541203,6.606372136098733,2.5702863918440553,0.13992733353548162
no_air_temperature,ablation_development,2022-06-12::Azerbaijan Grand Prix,2022-06-12,Azerbaijan Grand Prix,27,886,7704,7,1,0.0,1.0001157742949645,6.44340599967491,2.5383864953302346,0.12307727761702243
no_track_temperature,ablation_development,2022-06-12::Azerbaijan Grand Prix,2022-06-12,Azerbaijan Grand Prix,27,886,7704,7,1,0.0,1.1141605821400067,6.803141389399878,2.6082832264537297,0.13561222527116387
no_fuel_race_progress,ablation_development,2022-06-12::Azerbaijan Grand Prix,2022-06-12,Azerbaijan Grand Prix,22,886,7704,7,1,0.0,1.2312535148810757,6.4992802284632445,2.5493685940764323,0.10778882100646449
no_tire_age,ablation_development,2022-06-12::Azerbaijan Grand Prix,2022-06-12,Azerbaijan Grand Prix,21,886,7704,7,1,0.0,1.204097453297442,6.905383401691977,2.6278096205189554,0.11440431393646493
no_compound,ablation_development,2022-06-12::Azerbaijan Grand Prix,2022-06-12,Azerbaijan Grand Prix,24,886,7704,7,1,0.0,1.0918273697597838,6.612982197738504,2.5715719312783194,0.12171941179560414
no_driver,ablation_development,2022-06-19::Canadian Grand Prix,2022-06-19,Canadian Grand Prix,27,1327,8590,8,1,0.0,1.4463577062795405,4.494437149691722,2.1200087617016403,0.02936686258052403
no_constructor,ablation_development,2022-06-19::Canadian Grand Prix,2022-06-19,Canadian Grand Prix,27,1327,8590,8,1,0.0,1.57571271390144,4.806674770553723,2.1924130018209897,0.014297964083364959
no_air_temperature,ablation_development,2022-06-19::Canadian Grand Prix,2022-06-19,Canadian Grand Prix,27,1327,8590,8,1,0.0,1.376394280996388,4.264797587928072,2.06513863649104,0.024612748103373026
no_track_temperature,ablation_development,2022-06-19::Canadian Grand Prix,2022-06-19,Canadian Grand Prix,27,1327,8590,8,1,0.0,1.4546275168121119,4.520792037934045,2.1262154260408432,0.019979593974677773
no_fuel_race_progress,ablation_development,2022-06-19::Canadian Grand Prix,2022-06-19,Canadian Grand Prix,22,1327,8590,8,1,0.0,1.0909001677265713,3.399862150332328,1.8438715113402908,0.04970328078208236
no_tire_age,ablation_development,2022-06-19::Canadian Grand Prix,2022-06-19,Canadian Grand Prix,21,1327,8590,8,1,0.0,1.4396977669194877,4.471201374761112,2.114521547480922,0.04833737222052189
no_compound,ablation_development,2022-06-19::Canadian Grand Prix,2022-06-19,Canadian Grand Prix,24,1327,8590,8,1,0.0,1.5066349176925788,4.796877766075036,2.190177564964776,0.025561153885905758
no_driver,ablation_development,2022-07-03::British Grand Prix,2022-07-03,British Grand Prix,27,867,9917,9,1,0.0,1.1776417490864255,6.439873619259279,2.5376906074735115,0.015130726445453685
no_constructor,ablation_development,2022-07-03::British Grand Prix,2022-07-03,British Grand Prix,27,867,9917,9,1,0.0,1.212894355015496,6.4630248884375865,2.5422479990035565,0.023449573458299816
no_air_temperature,ablation_development,2022-07-03::British Grand Prix,2022-07-03,British Grand Prix,27,867,9917,9,1,0.0,1.2201057446687626,6.794856953590779,2.606694641416746,0.017733064462311963
no_track_temperature,ablation_development,2022-07-03::British Grand Prix,2022-07-03,British Grand Prix,27,867,9917,9,1,0.0,1.2055579778503547,6.582243721540791,2.565588377261791,0.016138180295003957
no_fuel_race_progress,ablation_development,2022-07-03::British Grand Prix,2022-07-03,British Grand Prix,22,867,9917,9,1,0.0,1.4382611488889978,6.951316215657039,2.636534888003009,0.03134844147104195
no_tire_age,ablation_development,2022-07-03::British Grand Prix,2022-07-03,British Grand Prix,21,867,9917,9,1,0.0,1.1848700947945054,6.563572101823681,2.5619469357938858,0.027400768365101105
no_compound,ablation_development,2022-07-03::British Grand Prix,2022-07-03,British Grand Prix,24,867,9917,9,1,0.0,1.215041976395928,6.587265860519958,2.566566940588139,0.02232278393525665
no_driver,ablation_development,2022-07-10::Austrian Grand Prix,2022-07-10,Austrian Grand Prix,27,1669,10784,10,1,0.0,1.0818144109417458,1.58348211409002,1.2583648573009418,0.04140801180415534
no_constructor,ablation_development,2022-07-10::Austrian Grand Prix,2022-07-10,Austrian Grand Prix,27,1669,10784,10,1,0.0,1.0683003727648608,1.664510992992965,1.2901592897750902,0.037944446257000934
no_air_temperature,ablation_development,2022-07-10::Austrian Grand Prix,2022-07-10,Austrian Grand Prix,27,1669,10784,10,1,0.0,1.2984814332888062,2.2210296070753026,1.4903119160347953,0.034574011416791596
no_track_temperature,ablation_development,2022-07-10::Austrian Grand Prix,2022-07-10,Austrian Grand Prix,27,1669,10784,10,1,0.0,1.1991538752685937,2.010761551886408,1.418013241082892,0.04172211059718947
no_fuel_race_progress,ablation_development,2022-07-10::Austrian Grand Prix,2022-07-10,Austrian Grand Prix,22,1669,10784,10,1,0.0,1.1091809047193535,1.7660565699170143,1.32893061140039,0.02107290588623652
no_tire_age,ablation_development,2022-07-10::Austrian Grand Prix,2022-07-10,Austrian Grand Prix,21,1669,10784,10,1,0.0,1.0392631632287814,1.5388868099249835,1.2405187664541732,0.04878708361339539
no_compound,ablation_development,2022-07-10::Austrian Grand Prix,2022-07-10,Austrian Grand Prix,24,1669,10784,10,1,0.0,1.0813098180544398,1.6818175718615513,1.2968490937119674,0.038656004617479325
no_driver,ablation_development,2022-07-24::French Grand Prix,2022-07-24,French Grand Prix,27,968,12453,11,1,0.0,0.6053182805589258,0.7748740442824008,0.8802693021356593,0.18806434666280433
no_constructor,ablation_development,2022-07-24::French Grand Prix,2022-07-24,French Grand Prix,27,968,12453,11,1,0.0,0.6357646860774187,0.8429360529714961,0.9181154899964906,0.21428511714912135
no_air_temperature,ablation_development,2022-07-24::French Grand Prix,2022-07-24,French Grand Prix,27,968,12453,11,1,0.0,0.7895145174539594,1.001792970866558,1.0008960839500562,0.14282255027802462
no_track_temperature,ablation_development,2022-07-24::French Grand Prix,2022-07-24,French Grand Prix,27,968,12453,11,1,0.0,0.7346326541453486,0.9506919063325302,0.9750343103360672,0.2273657516189379
no_fuel_race_progress,ablation_development,2022-07-24::French Grand Prix,2022-07-24,French Grand Prix,22,968,12453,11,1,0.0,0.8175260756082103,1.307813386074014,1.1435966885550228,0.21404984213162406
no_tire_age,ablation_development,2022-07-24::French Grand Prix,2022-07-24,French Grand Prix,21,968,12453,11,1,0.0,0.6932907808696633,0.9266797713034545,0.9626420785024175,0.2197709617729029
no_compound,ablation_development,2022-07-24::French Grand Prix,2022-07-24,French Grand Prix,24,968,12453,11,1,0.0,0.6486893219755211,0.7770304418296351,0.8814933022035023,0.15747035392040468
no_driver,ablation_development,2022-07-31::Hungarian Grand Prix,2022-07-31,Hungarian Grand Prix,27,1362,13421,12,1,0.0,4.456019975642904,29.088109412549112,5.393339356331021,0.06217833725683162
no_constructor,ablation_development,2022-07-31::Hungarian Grand Prix,2022-07-31,Hungarian Grand Prix,27,1362,13421,12,1,0.0,4.254527818288811,26.743752763258783,5.17143623795738,0.06377262997770511
no_air_temperature,ablation_development,2022-07-31::Hungarian Grand Prix,2022-07-31,Hungarian Grand Prix,27,1362,13421,12,1,0.0,4.114278632852462,25.5750354524747,5.057176628562098,0.0758796827248051
no_track_temperature,ablation_development,2022-07-31::Hungarian Grand Prix,2022-07-31,Hungarian Grand Prix,27,1362,13421,12,1,0.0,3.830447067694661,24.995335365416626,4.999533514780817,0.06754043494631552
no_fuel_race_progress,ablation_development,2022-07-31::Hungarian Grand Prix,2022-07-31,Hungarian Grand Prix,22,1362,13421,12,1,0.0,4.196831012444038,51.80760508565716,7.197750001608639,0.20944253295964546
no_tire_age,ablation_development,2022-07-31::Hungarian Grand Prix,2022-07-31,Hungarian Grand Prix,21,1362,13421,12,1,0.0,4.503159374603809,29.157355556486742,5.399755138567557,0.07000948678667536
no_compound,ablation_development,2022-07-31::Hungarian Grand Prix,2022-07-31,Hungarian Grand Prix,24,1362,13421,12,1,0.0,4.736099364018671,32.33602263638173,5.686477172765378,0.08692020107619486
no_driver,ablation_development,2022-08-28::Belgian Grand Prix,2022-08-28,Belgian Grand Prix,27,725,14783,13,1,0.0,1.3253956689307387,5.187927843386635,2.2777023166749943,0.21585304349874898
no_constructor,ablation_development,2022-08-28::Belgian Grand Prix,2022-08-28,Belgian Grand Prix,27,725,14783,13,1,0.0,1.417070991309855,6.915053302262322,2.6296488933434294,0.24129097605620795
no_air_temperature,ablation_development,2022-08-28::Belgian Grand Prix,2022-08-28,Belgian Grand Prix,27,725,14783,13,1,0.0,1.3672221851026438,5.992107627598266,2.4478781888807837,0.22884380430513973
no_track_temperature,ablation_development,2022-08-28::Belgian Grand Prix,2022-08-28,Belgian Grand Prix,27,725,14783,13,1,0.0,1.416913606350202,5.049516679079393,2.2471129653578594,0.21954345244328613
no_fuel_race_progress,ablation_development,2022-08-28::Belgian Grand Prix,2022-08-28,Belgian Grand Prix,22,725,14783,13,1,0.0,1.9964097365069728,10.681168073176316,3.2682056350811703,0.29536671307809453
no_tire_age,ablation_development,2022-08-28::Belgian Grand Prix,2022-08-28,Belgian Grand Prix,21,725,14783,13,1,0.0,1.710111884353714,7.872657230456846,2.8058255880323077,0.3290408895406615
no_compound,ablation_development,2022-08-28::Belgian Grand Prix,2022-08-28,Belgian Grand Prix,24,725,14783,13,1,0.0,1.311919937697255,5.679167916181995,2.3831004838617265,0.22925936992062623
no_driver,ablation_development,2022-09-04::Dutch Grand Prix,2022-09-04,Dutch Grand Prix,27,1273,15508,14,1,0.0,4.264390214829539,39.2544674411399,6.265338573544122,0.1621476928207117
no_constructor,ablation_development,2022-09-04::Dutch Grand Prix,2022-09-04,Dutch Grand Prix,27,1273,15508,14,1,0.0,4.248030972648857,36.893678267920464,6.07401665028344,0.13807955298433058
no_air_temperature,ablation_development,2022-09-04::Dutch Grand Prix,2022-09-04,Dutch Grand Prix,27,1273,15508,14,1,0.0,4.064621446942527,36.37389098884259,6.03107710022369,0.16247792664592467
no_track_temperature,ablation_development,2022-09-04::Dutch Grand Prix,2022-09-04,Dutch Grand Prix,27,1273,15508,14,1,0.0,3.3784261351363347,26.856775484003,5.182352311837067,0.11194350836632914
no_fuel_race_progress,ablation_development,2022-09-04::Dutch Grand Prix,2022-09-04,Dutch Grand Prix,22,1273,15508,14,1,0.0,2.394990333751981,14.829213332533934,3.8508717626706206,0.034052956050679074
no_tire_age,ablation_development,2022-09-04::Dutch Grand Prix,2022-09-04,Dutch Grand Prix,21,1273,15508,14,1,0.0,4.4088192213730135,40.70873623422815,6.3803398212186275,0.17175505459939766
no_compound,ablation_development,2022-09-04::Dutch Grand Prix,2022-09-04,Dutch Grand Prix,24,1273,15508,14,1,0.0,4.437455162061,41.325387584492375,6.428482525798167,0.1690589316546318
no_driver,ablation_development,2022-09-11::Italian Grand Prix,2022-09-11,Italian Grand Prix,27,931,16781,15,1,0.0,0.8616698517209065,1.6037086651532941,1.2663761941671574,0.007754821244933137
no_constructor,ablation_development,2022-09-11::Italian Grand Prix,2022-09-11,Italian Grand Prix,27,931,16781,15,1,0.0,0.7634492922262229,1.4464365562590957,1.202678908212452,0.015146004332172216
no_air_temperature,ablation_development,2022-09-11::Italian Grand Prix,2022-09-11,Italian Grand Prix,27,931,16781,15,1,0.0,0.8692855013060723,1.5979144582093945,1.2640864124771671,0.011163305454722203
no_track_temperature,ablation_development,2022-09-11::Italian Grand Prix,2022-09-11,Italian Grand Prix,27,931,16781,15,1,0.0,1.024501617652257,1.916084910140481,1.3842271887737507,0.007332369016045818
no_fuel_race_progress,ablation_development,2022-09-11::Italian Grand Prix,2022-09-11,Italian Grand Prix,22,931,16781,15,1,0.0,0.8868753390593017,1.7908343274861482,1.3382205825222344,0.017594183144360273
no_tire_age,ablation_development,2022-09-11::Italian Grand Prix,2022-09-11,Italian Grand Prix,21,931,16781,15,1,0.0,0.9624916389905289,1.7965001792292288,1.340335845685412,0.024651205980434725
no_compound,ablation_development,2022-09-11::Italian Grand Prix,2022-09-11,Italian Grand Prix,24,931,16781,15,1,0.0,0.8877771504734288,1.621574095808217,1.2734104192318425,0.0074829750055777034
no_driver,ablation_development,2022-10-02::Singapore Grand Prix,2022-10-02,Singapore Grand Prix,27,729,17712,16,1,0.0,13.265549688470314,185.49610680916564,13.619695547594507,0.13964299118448387
no_constructor,ablation_development,2022-10-02::Singapore Grand Prix,2022-10-02,Singapore Grand Prix,27,729,17712,16,1,0.0,12.821916020527356,174.3374742242465,13.203691689230194,0.14231522123139148
no_air_temperature,ablation_development,2022-10-02::Singapore Grand Prix,2022-10-02,Singapore Grand Prix,27,729,17712,16,1,0.0,12.89327927973871,175.07288976117317,13.23151124252907,0.12479145854502506
no_track_temperature,ablation_development,2022-10-02::Singapore Grand Prix,2022-10-02,Singapore Grand Prix,27,729,17712,16,1,0.0,13.822171914019469,199.27140548652756,14.116352414364256,0.09279557023881112
no_fuel_race_progress,ablation_development,2022-10-02::Singapore Grand Prix,2022-10-02,Singapore Grand Prix,22,729,17712,16,1,0.0,9.93247347433975,104.35098436405147,10.215232956915445,0.1322117181408335
no_tire_age,ablation_development,2022-10-02::Singapore Grand Prix,2022-10-02,Singapore Grand Prix,21,729,17712,16,1,0.0,12.650835530000359,166.98538218141428,12.92228239056144,0.0843083167350052
no_compound,ablation_development,2022-10-02::Singapore Grand Prix,2022-10-02,Singapore Grand Prix,24,729,17712,16,1,0.0,12.834154543282297,173.5819935158218,13.175051935981953,0.09990860016959599
no_driver,ablation_development,2022-10-09::Japanese Grand Prix,2022-10-09,Japanese Grand Prix,27,460,18441,17,1,0.0,4.617379077733052,38.75630410014685,6.225456135910592,0.6289129375771947
no_constructor,ablation_development,2022-10-09::Japanese Grand Prix,2022-10-09,Japanese Grand Prix,27,460,18441,17,1,0.0,3.6118523627562458,30.844510784633123,5.553783465767559,0.6477369330038044
no_air_temperature,ablation_development,2022-10-09::Japanese Grand Prix,2022-10-09,Japanese Grand Prix,27,460,18441,17,1,0.0,6.064173283805536,56.15626100115527,7.493748127683187,0.508702187496013
no_track_temperature,ablation_development,2022-10-09::Japanese Grand Prix,2022-10-09,Japanese Grand Prix,27,460,18441,17,1,0.0,4.2822602445197555,38.245047772745544,6.184258061622716,0.7536155992499526
no_fuel_race_progress,ablation_development,2022-10-09::Japanese Grand Prix,2022-10-09,Japanese Grand Prix,22,460,18441,17,1,0.0,6.108073588531731,43.523793278630976,6.597256496349901,0.1609856267090615
no_tire_age,ablation_development,2022-10-09::Japanese Grand Prix,2022-10-09,Japanese Grand Prix,21,460,18441,17,1,0.0,5.476426674572844,49.01685205893358,7.001203615017462,0.590969323504833
no_compound,ablation_development,2022-10-09::Japanese Grand Prix,2022-10-09,Japanese Grand Prix,24,460,18441,17,1,0.0,7.316468874057151,83.01866852683858,9.111458090055542,1.0422273482015831
no_driver,ablation_development,2022-10-23::United States Grand Prix,2022-10-23,United States Grand Prix,27,785,18901,18,1,0.0,1.590574980147188,3.1047961868527376,1.7620431852973235,0.010371323303742441
no_constructor,ablation_development,2022-10-23::United States Grand Prix,2022-10-23,United States Grand Prix,27,785,18901,18,1,0.0,1.6457470919019388,3.250383713879513,1.8028820576730784,0.07026910185908665
no_air_temperature,ablation_development,2022-10-23::United States Grand Prix,2022-10-23,United States Grand Prix,27,785,18901,18,1,0.0,1.6505783944902594,3.2130840834665535,1.792507763851123,0.04795618728406061
no_track_temperature,ablation_development,2022-10-23::United States Grand Prix,2022-10-23,United States Grand Prix,27,785,18901,18,1,0.0,1.3003849386857527,2.179209096354404,1.476214447956124,0.07418953471136612
no_fuel_race_progress,ablation_development,2022-10-23::United States Grand Prix,2022-10-23,United States Grand Prix,22,785,18901,18,1,0.0,1.7655016871326104,4.729904664415335,2.1748343993084474,0.1115904172392566
no_tire_age,ablation_development,2022-10-23::United States Grand Prix,2022-10-23,United States Grand Prix,21,785,18901,18,1,0.0,1.495076705513318,2.793043721357044,1.6712401746478702,0.10333718456586015
no_compound,ablation_development,2022-10-23::United States Grand Prix,2022-10-23,United States Grand Prix,24,785,18901,18,1,0.0,1.5803501142972227,3.000001754309525,1.7320513139943416,0.04821466120316812
no_driver,ablation_development,2022-10-30::Mexico City Grand Prix,2022-10-30,Mexico City Grand Prix,27,1296,19686,19,1,0.0,1.7037486195907536,5.465933315296279,2.33793355664704,0.01920125545789075
no_constructor,ablation_development,2022-10-30::Mexico City Grand Prix,2022-10-30,Mexico City Grand Prix,27,1296,19686,19,1,0.0,1.6956264942027695,5.343874740771139,2.3116822317894687,0.01602956969111181
no_air_temperature,ablation_development,2022-10-30::Mexico City Grand Prix,2022-10-30,Mexico City Grand Prix,27,1296,19686,19,1,0.0,1.7790456790685867,5.626580700911424,2.3720414627302415,0.014127914493566493
no_track_temperature,ablation_development,2022-10-30::Mexico City Grand Prix,2022-10-30,Mexico City Grand Prix,27,1296,19686,19,1,0.0,1.6541963643603363,5.266835961798697,2.2949588148371416,0.017517710445636606
no_fuel_race_progress,ablation_development,2022-10-30::Mexico City Grand Prix,2022-10-30,Mexico City Grand Prix,22,1296,19686,19,1,0.0,1.249355539093142,3.791272175831062,1.9471189423943935,0.0047439850950436145
no_tire_age,ablation_development,2022-10-30::Mexico City Grand Prix,2022-10-30,Mexico City Grand Prix,21,1296,19686,19,1,0.0,1.6407549050646741,5.159780571200452,2.2715150387352603,0.02283954213253636
no_compound,ablation_development,2022-10-30::Mexico City Grand Prix,2022-10-30,Mexico City Grand Prix,24,1296,19686,19,1,0.0,1.631073185266762,5.213916425528013,2.2834001895261404,0.01484908885170319
no_driver,ablation_development,2022-11-13::São Paulo Grand Prix,2022-11-13,São Paulo Grand Prix,27,1823,20982,20,1,0.0,1.6520704909287969,4.112560448777215,2.027944883071829,0.06785816737947385
no_constructor,ablation_development,2022-11-13::São Paulo Grand Prix,2022-11-13,São Paulo Grand Prix,27,1823,20982,20,1,0.0,1.3965291860116928,2.8528745228554406,1.689045447243928,0.07773631524010263
no_air_temperature,ablation_development,2022-11-13::São Paulo Grand Prix,2022-11-13,São Paulo Grand Prix,27,1823,20982,20,1,0.0,1.6110157962847398,4.156263912785719,2.0386917159751543,0.08930072470336829
no_track_temperature,ablation_development,2022-11-13::São Paulo Grand Prix,2022-11-13,São Paulo Grand Prix,27,1823,20982,20,1,0.0,1.7295863839086738,4.381581046674312,2.093222646226223,0.09312092786279826
no_fuel_race_progress,ablation_development,2022-11-13::São Paulo Grand Prix,2022-11-13,São Paulo Grand Prix,22,1823,20982,20,1,0.0,2.9321373067162493,15.81319379698294,3.9765806664750234,0.08728484272090276
no_tire_age,ablation_development,2022-11-13::São Paulo Grand Prix,2022-11-13,São Paulo Grand Prix,21,1823,20982,20,1,0.0,1.5025604083873072,3.884721112416524,1.9709695868826906,0.10108153705399309
no_compound,ablation_development,2022-11-13::São Paulo Grand Prix,2022-11-13,São Paulo Grand Prix,24,1823,20982,20,1,0.0,1.2937900055131788,3.015049719433158,1.7363898523756576,0.060160372383127075
no_driver,ablation_development,2022-11-20::Abu Dhabi Grand Prix,2022-11-20,Abu Dhabi Grand Prix,27,1264,22805,21,1,0.0,2.4890640375238835,7.374491190255775,2.7156014417170597,0.06548989403150106
no_constructor,ablation_development,2022-11-20::Abu Dhabi Grand Prix,2022-11-20,Abu Dhabi Grand Prix,27,1264,22805,21,1,0.0,2.6285877239235584,8.676110877760648,2.9455238715312846,0.03968883398637507
no_air_temperature,ablation_development,2022-11-20::Abu Dhabi Grand Prix,2022-11-20,Abu Dhabi Grand Prix,27,1264,22805,21,1,0.0,5.627725406268988,32.65052754629212,5.7140640131426705,0.056197562252177403
no_track_temperature,ablation_development,2022-11-20::Abu Dhabi Grand Prix,2022-11-20,Abu Dhabi Grand Prix,27,1264,22805,21,1,0.0,1.9445148423030312,5.0432123667948865,2.2457097690473913,0.07638061785406645
no_fuel_race_progress,ablation_development,2022-11-20::Abu Dhabi Grand Prix,2022-11-20,Abu Dhabi Grand Prix,22,1264,22805,21,1,0.0,3.2862945682205504,12.299359994675102,3.507044338852177,0.06545731488191091
no_tire_age,ablation_development,2022-11-20::Abu Dhabi Grand Prix,2022-11-20,Abu Dhabi Grand Prix,21,1264,22805,21,1,0.0,2.486524784239453,7.454919257631429,2.730369802358543,0.1007748254651959
no_compound,ablation_development,2022-11-20::Abu Dhabi Grand Prix,2022-11-20,Abu Dhabi Grand Prix,24,1264,22805,21,1,0.0,2.451492387429233,7.176050785195309,2.6788151830978015,0.05688852746325281
no_driver,ablation_development,2023-03-05::Bahrain Grand Prix,2023-03-05,Bahrain Grand Prix,27,1117,24069,22,1,0.0,4.268773527508972,22.128540176554214,4.704098232026433,0.12438007815621327
no_constructor,ablation_development,2023-03-05::Bahrain Grand Prix,2023-03-05,Bahrain Grand Prix,27,1117,24069,22,1,0.0,4.557956053890233,25.43103247440623,5.042919043015289,0.138200879423556
no_air_temperature,ablation_development,2023-03-05::Bahrain Grand Prix,2023-03-05,Bahrain Grand Prix,27,1117,24069,22,1,0.0,1.6118012493988152,3.7041142587025573,1.9246075596605552,0.08469405195138086
no_track_temperature,ablation_development,2023-03-05::Bahrain Grand Prix,2023-03-05,Bahrain Grand Prix,27,1117,24069,22,1,0.0,4.866141422487494,28.924077289647112,5.378110940622842,0.13203502671213793
no_fuel_race_progress,ablation_development,2023-03-05::Bahrain Grand Prix,2023-03-05,Bahrain Grand Prix,22,1117,24069,22,1,0.0,4.981006102830497,29.842579393224387,5.462836204136491,0.21776502518998467
no_tire_age,ablation_development,2023-03-05::Bahrain Grand Prix,2023-03-05,Bahrain Grand Prix,21,1117,24069,22,1,0.0,4.356614507868479,23.151218674940356,4.811571331170344,0.18091964978665379
no_compound,ablation_development,2023-03-05::Bahrain Grand Prix,2023-03-05,Bahrain Grand Prix,24,1117,24069,22,1,0.0,4.733164221977258,27.09067274018593,5.204870098300814,0.12263707788328858
no_driver,ablation_development,2023-03-19::Saudi Arabian Grand Prix,2023-03-19,Saudi Arabian Grand Prix,27,1066,25186,23,1,0.0,0.8467023026821757,2.3752934503623258,1.5411987056711167,0.02880811693326123
no_constructor,ablation_development,2023-03-19::Saudi Arabian Grand Prix,2023-03-19,Saudi Arabian Grand Prix,27,1066,25186,23,1,0.0,0.8161704271825831,2.3260833593749255,1.5251502743582108,0.02393707997153421
no_air_temperature,ablation_development,2023-03-19::Saudi Arabian Grand Prix,2023-03-19,Saudi Arabian Grand Prix,27,1066,25186,23,1,0.0,0.8426601540265918,2.3762888768440353,1.5415216108910168,0.03064294158932449
no_track_temperature,ablation_development,2023-03-19::Saudi Arabian Grand Prix,2023-03-19,Saudi Arabian Grand Prix,27,1066,25186,23,1,0.0,0.8367398415842926,2.350483671526828,1.5331287198167114,0.02537851676730637
no_fuel_race_progress,ablation_development,2023-03-19::Saudi Arabian Grand Prix,2023-03-19,Saudi Arabian Grand Prix,22,1066,25186,23,1,0.0,1.1866592054086438,3.1869619954788324,1.7852064293741585,0.06541295319621306
no_tire_age,ablation_development,2023-03-19::Saudi Arabian Grand Prix,2023-03-19,Saudi Arabian Grand Prix,21,1066,25186,23,1,0.0,0.8392240209448766,2.440570988008775,1.5622326932978887,0.0469501641311817
no_compound,ablation_development,2023-03-19::Saudi Arabian Grand Prix,2023-03-19,Saudi Arabian Grand Prix,24,1066,25186,23,1,0.0,0.8584792037144655,2.4038415020210637,1.550432682195865,0.036261251487420265
no_driver,ablation_development,2023-04-02::Australian Grand Prix,2023-04-02,Australian Grand Prix,27,880,26252,24,1,0.0,2.2547753188187882,16.496995039000563,4.061649300345928,0.5650208591294544
no_constructor,ablation_development,2023-04-02::Australian Grand Prix,2023-04-02,Australian Grand Prix,27,880,26252,24,1,0.0,2.396771749759341,18.112690161694726,4.255900628738261,0.5901082149824526
no_air_temperature,ablation_development,2023-04-02::Australian Grand Prix,2023-04-02,Australian Grand Prix,27,880,26252,24,1,0.0,2.6539947685776424,22.214075315746914,4.713181018775633,0.6008075615410068
no_track_temperature,ablation_development,2023-04-02::Australian Grand Prix,2023-04-02,Australian Grand Prix,27,880,26252,24,1,0.0,2.3561904985696733,18.30425763982686,4.278347536120326,0.5622851820978867
no_fuel_race_progress,ablation_development,2023-04-02::Australian Grand Prix,2023-04-02,Australian Grand Prix,22,880,26252,24,1,0.0,2.149458644743206,18.475207981927554,4.2982796537600425,0.6210873500240313
no_tire_age,ablation_development,2023-04-02::Australian Grand Prix,2023-04-02,Australian Grand Prix,21,880,26252,24,1,0.0,2.1292886170040846,16.2815724021627,4.035043048365494,0.5839895709125511
no_compound,ablation_development,2023-04-02::Australian Grand Prix,2023-04-02,Australian Grand Prix,24,880,26252,24,1,0.0,2.3196229770172505,18.15988272444772,4.261441390474322,0.5886706251662185
no_driver,ablation_development,2023-04-30::Azerbaijan Grand Prix,2023-04-30,Azerbaijan Grand Prix,27,993,27132,25,1,0.0,2.188320988842509,5.5155553251814995,2.348521944794534,0.09440517008532807
no_constructor,ablation_development,2023-04-30::Azerbaijan Grand Prix,2023-04-30,Azerbaijan Grand Prix,27,993,27132,25,1,0.0,2.246837269536312,5.693672279636541,2.3861417140724357,0.08982571057055629
no_air_temperature,ablation_development,2023-04-30::Azerbaijan Grand Prix,2023-04-30,Azerbaijan Grand Prix,27,993,27132,25,1,0.0,2.3061206116539834,5.980753065896555,2.445557823053169,0.10022778894102458
no_track_temperature,ablation_development,2023-04-30::Azerbaijan Grand Prix,2023-04-30,Azerbaijan Grand Prix,27,993,27132,25,1,0.0,2.2569978653995313,5.727284823571965,2.393174632903325,0.08752471914836714
no_fuel_race_progress,ablation_development,2023-04-30::Azerbaijan Grand Prix,2023-04-30,Azerbaijan Grand Prix,22,993,27132,25,1,0.0,1.8808671606913034,4.557301423445676,2.1347836947676164,0.1323608186673516
no_tire_age,ablation_development,2023-04-30::Azerbaijan Grand Prix,2023-04-30,Azerbaijan Grand Prix,21,993,27132,25,1,0.0,2.0601102240365616,5.017551966645703,2.2399892782434705,0.07511740721056455
no_compound,ablation_development,2023-04-30::Azerbaijan Grand Prix,2023-04-30,Azerbaijan Grand Prix,24,993,27132,25,1,0.0,2.326455538560612,6.095151730128543,2.468836108397749,0.10090078158203382
no_driver,ablation_development,2023-05-07::Miami Grand Prix,2023-05-07,Miami Grand Prix,27,1210,28125,26,1,0.0,2.1008637321346155,24.48074489085958,4.947802026239487,0.04506239364595252
no_constructor,ablation_development,2023-05-07::Miami Grand Prix,2023-05-07,Miami Grand Prix,27,1210,28125,26,1,0.0,2.0519547439791195,24.272095284553334,4.926671826350253,0.03641482673826733
no_air_temperature,ablation_development,2023-05-07::Miami Grand Prix,2023-05-07,Miami Grand Prix,27,1210,28125,26,1,0.0,2.1500366737041916,24.41326964054832,4.940978611626276,0.03336875793638799
no_track_temperature,ablation_development,2023-05-07::Miami Grand Prix,2023-05-07,Miami Grand Prix,27,1210,28125,26,1,0.0,2.1074175393336145,24.34787873045608,4.934356972337539,0.039926228275196395
no_fuel_race_progress,ablation_development,2023-05-07::Miami Grand Prix,2023-05-07,Miami Grand Prix,22,1210,28125,26,1,0.0,1.9276207211433771,23.831438194642356,4.88174540452924,0.04598448837255772
no_tire_age,ablation_development,2023-05-07::Miami Grand Prix,2023-05-07,Miami Grand Prix,21,1210,28125,26,1,0.0,2.065101464446034,23.865218052318713,4.885203992907432,0.056897150393076266
no_compound,ablation_development,2023-05-07::Miami Grand Prix,2023-05-07,Miami Grand Prix,24,1210,28125,26,1,0.0,2.0236640444291623,23.980090502052526,4.896947059347541,0.037817461404636245
no_driver,ablation_development,2023-05-28::Monaco Grand Prix,2023-05-28,Monaco Grand Prix,27,1507,29335,27,1,0.0,4.3778977746331,58.883766993725395,7.6735758935274365,0.2731070447412801
no_constructor,ablation_development,2023-05-28::Monaco Grand Prix,2023-05-28,Monaco Grand Prix,27,1507,29335,27,1,0.0,4.180271867952862,50.89165427835652,7.133838677623466,0.23621912296689201
no_air_temperature,ablation_development,2023-05-28::Monaco Grand Prix,2023-05-28,Monaco Grand Prix,27,1507,29335,27,1,0.0,4.142901048500237,50.48217581841559,7.105080986056077,0.23200336550302714
no_track_temperature,ablation_development,2023-05-28::Monaco Grand Prix,2023-05-28,Monaco Grand Prix,27,1507,29335,27,1,0.0,4.740896882378658,52.271469507652725,7.229901071774961,0.27359148380607384
no_fuel_race_progress,ablation_development,2023-05-28::Monaco Grand Prix,2023-05-28,Monaco Grand Prix,22,1507,29335,27,1,0.0,2.862594869311377,27.08884218025203,5.20469424464608,0.23403051906393593
no_tire_age,ablation_development,2023-05-28::Monaco Grand Prix,2023-05-28,Monaco Grand Prix,21,1507,29335,27,1,0.0,3.6302854086311993,42.14037278568415,6.491561660007871,0.2399660451648423
no_compound,ablation_development,2023-05-28::Monaco Grand Prix,2023-05-28,Monaco Grand Prix,24,1507,29335,27,1,0.0,4.5962928176130236,66.3995007830874,8.148588882934726,0.2847635378977833
no_driver,ablation_development,2023-06-04::Spanish Grand Prix,2023-06-04,Spanish Grand Prix,27,1437,30842,28,1,0.0,4.535100277801865,21.56969174090164,4.644318221321795,0.03302093477617393
no_constructor,ablation_development,2023-06-04::Spanish Grand Prix,2023-06-04,Spanish Grand Prix,27,1437,30842,28,1,0.0,5.800483854392159,34.647482459377265,5.886211214302224,0.004529394921934275
no_air_temperature,ablation_development,2023-06-04::Spanish Grand Prix,2023-06-04,Spanish Grand Prix,27,1437,30842,28,1,0.0,7.332685723105784,54.80762562300248,7.403217248129524,0.030420909972056234
no_track_temperature,ablation_development,2023-06-04::Spanish Grand Prix,2023-06-04,Spanish Grand Prix,27,1437,30842,28,1,0.0,5.604226086915327,32.35447425243336,5.688099353249147,0.016234213391915605
no_fuel_race_progress,ablation_development,2023-06-04::Spanish Grand Prix,2023-06-04,Spanish Grand Prix,22,1437,30842,28,1,0.0,6.375082449739707,42.51555979579202,6.520395677855142,0.042982826105222444
no_tire_age,ablation_development,2023-06-04::Spanish Grand Prix,2023-06-04,Spanish Grand Prix,21,1437,30842,28,1,0.0,5.375170608248976,29.930053115069406,5.470836601020854,0.005025585191404281
no_compound,ablation_development,2023-06-04::Spanish Grand Prix,2023-06-04,Spanish Grand Prix,24,1437,30842,28,1,0.0,6.1618261084570465,38.93723721298913,6.239970930460264,0.020524086808035105
no_driver,ablation_development,2023-06-18::Canadian Grand Prix,2023-06-18,Canadian Grand Prix,27,1351,32279,29,1,0.0,1.247738044745867,2.2314917765332827,1.4938178525286416,0.06434569441703826
no_constructor,ablation_development,2023-06-18::Canadian Grand Prix,2023-06-18,Canadian Grand Prix,27,1351,32279,29,1,0.0,1.271643874911934,2.2994351584093065,1.5163888546178736,0.056509340773529086
no_air_temperature,ablation_development,2023-06-18::Canadian Grand Prix,2023-06-18,Canadian Grand Prix,27,1351,32279,29,1,0.0,1.1397071198259705,1.9897114375397509,1.410571316006302,0.0653440952972039
no_track_temperature,ablation_development,2023-06-18::Canadian Grand Prix,2023-06-18,Canadian Grand Prix,27,1351,32279,29,1,0.0,1.3441326397139184,2.4295471075337822,1.558700454716615,0.05505659225664485
no_fuel_race_progress,ablation_development,2023-06-18::Canadian Grand Prix,2023-06-18,Canadian Grand Prix,22,1351,32279,29,1,0.0,1.133266100290585,2.055721922050589,1.433778895803181,0.04247655817987115
no_tire_age,ablation_development,2023-06-18::Canadian Grand Prix,2023-06-18,Canadian Grand Prix,21,1351,32279,29,1,0.0,1.0750883294166913,1.8294895683528178,1.352586251724014,0.09557487971943864
no_compound,ablation_development,2023-06-18::Canadian Grand Prix,2023-06-18,Canadian Grand Prix,24,1351,32279,29,1,0.0,1.0982430368561142,1.8215715104190402,1.3496560711599974,0.05575830888339198
no_driver,ablation_development,2023-07-02::Austrian Grand Prix,2023-07-02,Austrian Grand Prix,27,1592,33630,30,1,0.0,1.8298042006515824,8.971923302268134,2.995316895132823,0.03200348330643385
no_constructor,ablation_development,2023-07-02::Austrian Grand Prix,2023-07-02,Austrian Grand Prix,27,1592,33630,30,1,0.0,1.9427323600150948,10.638091954175016,3.2616087984574444,0.05480825424796911
no_air_temperature,ablation_development,2023-07-02::Austrian Grand Prix,2023-07-02,Austrian Grand Prix,27,1592,33630,30,1,0.0,1.8706697323334778,9.937549726507703,3.1523879403569133,0.07261441629762866
no_track_temperature,ablation_development,2023-07-02::Austrian Grand Prix,2023-07-02,Austrian Grand Prix,27,1592,33630,30,1,0.0,1.8476832171920177,9.24907442678821,3.0412290980437846,0.018595920157722528
no_fuel_race_progress,ablation_development,2023-07-02::Austrian Grand Prix,2023-07-02,Austrian Grand Prix,22,1592,33630,30,1,0.0,2.2094237130762306,12.637102734171153,3.554870283733452,0.0784630983192208
no_tire_age,ablation_development,2023-07-02::Austrian Grand Prix,2023-07-02,Austrian Grand Prix,21,1592,33630,30,1,0.0,1.8410341640636783,8.794988964317838,2.9656346646742984,0.04721198282361743
no_compound,ablation_development,2023-07-02::Austrian Grand Prix,2023-07-02,Austrian Grand Prix,24,1592,33630,30,1,0.0,1.9158958894284461,11.044752362911742,3.3233646148010516,0.08264051406193834
no_driver,ablation_development,2023-07-09::British Grand Prix,2023-07-09,British Grand Prix,27,1007,35222,31,1,0.0,0.9482401927437071,1.3420882472521525,1.1584853245734934,0.008529007162144461
no_constructor,ablation_development,2023-07-09::British Grand Prix,2023-07-09,British Grand Prix,27,1007,35222,31,1,0.0,0.9511041311457834,1.3361882817985904,1.1559361062786258,0.016228728988401477
no_air_temperature,ablation_development,2023-07-09::British Grand Prix,2023-07-09,British Grand Prix,27,1007,35222,31,1,0.0,0.8092586336289475,0.9865757512177501,0.9932651968219515,0.009388018529860223
no_track_temperature,ablation_development,2023-07-09::British Grand Prix,2023-07-09,British Grand Prix,27,1007,35222,31,1,0.0,0.9606248609618392,1.3384027705272166,1.1568935865183179,0.013146093416161362
no_fuel_race_progress,ablation_development,2023-07-09::British Grand Prix,2023-07-09,British Grand Prix,22,1007,35222,31,1,0.0,1.044754009740425,1.6748438816038578,1.2941575953506812,0.05025024154417467
no_tire_age,ablation_development,2023-07-09::British Grand Prix,2023-07-09,British Grand Prix,21,1007,35222,31,1,0.0,0.8821720306402173,1.1943098759313635,1.0928448544653369,0.01048436076030903
no_compound,ablation_development,2023-07-09::British Grand Prix,2023-07-09,British Grand Prix,24,1007,35222,31,1,0.0,0.9128784285263015,1.2362740572034698,1.1118786162182768,0.009220975183782282
no_driver,ablation_development,2023-07-23::Hungarian Grand Prix,2023-07-23,Hungarian Grand Prix,27,1368,36229,32,1,0.0,1.0850446512728633,1.6617689608026573,1.2890961798107452,0.025225242824231994
no_constructor,ablation_development,2023-07-23::Hungarian Grand Prix,2023-07-23,Hungarian Grand Prix,27,1368,36229,32,1,0.0,1.2012465257912286,1.9745199894505416,1.4051761417881181,0.03255296728489719
no_air_temperature,ablation_development,2023-07-23::Hungarian Grand Prix,2023-07-23,Hungarian Grand Prix,27,1368,36229,32,1,0.0,1.190531050662227,2.021032353037548,1.4216301744960071,0.02483586674166176
no_track_temperature,ablation_development,2023-07-23::Hungarian Grand Prix,2023-07-23,Hungarian Grand Prix,27,1368,36229,32,1,0.0,0.979872390297251,1.4201055153798066,1.1916818012287536,0.024509415702779893
no_fuel_race_progress,ablation_development,2023-07-23::Hungarian Grand Prix,2023-07-23,Hungarian Grand Prix,22,1368,36229,32,1,0.0,1.3313210545577685,2.6100944861872386,1.615578684616518,0.023622321839829947
no_tire_age,ablation_development,2023-07-23::Hungarian Grand Prix,2023-07-23,Hungarian Grand Prix,21,1368,36229,32,1,0.0,1.017962081290568,1.6336919768674172,1.2781596053965316,0.06160408554761295
no_compound,ablation_development,2023-07-23::Hungarian Grand Prix,2023-07-23,Hungarian Grand Prix,24,1368,36229,32,1,0.0,1.0824236737757253,1.6617637634861613,1.289094163933016,0.024801348174250417
no_driver,ablation_development,2023-07-30::Belgian Grand Prix,2023-07-30,Belgian Grand Prix,27,725,37597,33,1,0.0,1.669727231071828,4.062922646733931,2.015669280098779,0.27668826279745207
no_constructor,ablation_development,2023-07-30::Belgian Grand Prix,2023-07-30,Belgian Grand Prix,27,725,37597,33,1,0.0,1.4811892989027295,3.61477242868975,1.9012554874844543,0.2793957031873739
no_air_temperature,ablation_development,2023-07-30::Belgian Grand Prix,2023-07-30,Belgian Grand Prix,27,725,37597,33,1,0.0,1.2630365347894634,2.6096649090432016,1.615445730763866,0.31115388749828593
no_track_temperature,ablation_development,2023-07-30::Belgian Grand Prix,2023-07-30,Belgian Grand Prix,27,725,37597,33,1,0.0,1.4622351908663216,3.3682329102391346,1.8352746143940244,0.31649417575890004
no_fuel_race_progress,ablation_development,2023-07-30::Belgian Grand Prix,2023-07-30,Belgian Grand Prix,22,725,37597,33,1,0.0,1.4762943445754912,3.571585090699065,1.8898637756989431,0.08360003688157407
no_tire_age,ablation_development,2023-07-30::Belgian Grand Prix,2023-07-30,Belgian Grand Prix,21,725,37597,33,1,0.0,1.6756811300964671,5.365713944578052,2.316401075931811,0.4343309651294165
no_compound,ablation_development,2023-07-30::Belgian Grand Prix,2023-07-30,Belgian Grand Prix,24,725,37597,33,1,0.0,1.3888044022475352,3.1880638905088983,1.7855150210818442,0.3002041932846025
no_driver,ablation_development,2023-08-27::Dutch Grand Prix,2023-08-27,Dutch Grand Prix,27,1208,38322,34,1,0.0,1.2532665760648198,8.935041671499265,2.989154005985517,0.03719479811527717
no_constructor,ablation_development,2023-08-27::Dutch Grand Prix,2023-08-27,Dutch Grand Prix,27,1208,38322,34,1,0.0,1.1912503471189413,8.771207249757465,2.9616224016166317,0.05161966976805021
no_air_temperature,ablation_development,2023-08-27::Dutch Grand Prix,2023-08-27,Dutch Grand Prix,27,1208,38322,34,1,0.0,1.3009385667476712,9.603972561734247,3.0990276800529304,0.07504139190381678
no_track_temperature,ablation_development,2023-08-27::Dutch Grand Prix,2023-08-27,Dutch Grand Prix,27,1208,38322,34,1,0.0,1.1831277978668542,8.953513563419472,2.9922422300708664,0.04366425865006268
no_fuel_race_progress,ablation_development,2023-08-27::Dutch Grand Prix,2023-08-27,Dutch Grand Prix,22,1208,38322,34,1,0.0,1.6619896955802376,12.704988262266573,3.5644057376043166,0.11039082369113157
no_tire_age,ablation_development,2023-08-27::Dutch Grand Prix,2023-08-27,Dutch Grand Prix,21,1208,38322,34,1,0.0,1.3074992803493546,9.339057615378712,3.0559871752641095,0.039746860264441575
no_compound,ablation_development,2023-08-27::Dutch Grand Prix,2023-08-27,Dutch Grand Prix,24,1208,38322,34,1,0.0,1.9079959745392492,15.761376805538532,3.970060050621216,0.0469254091345659
no_driver,ablation_development,2023-09-03::Italian Grand Prix,2023-09-03,Italian Grand Prix,27,938,39530,35,1,0.0,1.2422317128414269,16.18150403403503,4.022624023449747,0.25036672385511466
no_constructor,ablation_development,2023-09-03::Italian Grand Prix,2023-09-03,Italian Grand Prix,27,938,39530,35,1,0.0,1.169581240069558,15.815072640929818,3.976816898089453,0.27520773497332435
no_air_temperature,ablation_development,2023-09-03::Italian Grand Prix,2023-09-03,Italian Grand Prix,27,938,39530,35,1,0.0,0.9432524855198074,15.811677034003498,3.9763899499424724,0.27934209344558963
no_track_temperature,ablation_development,2023-09-03::Italian Grand Prix,2023-09-03,Italian Grand Prix,27,938,39530,35,1,0.0,1.165532096011144,15.949601579610324,3.9936952286836216,0.2326308812961764
no_fuel_race_progress,ablation_development,2023-09-03::Italian Grand Prix,2023-09-03,Italian Grand Prix,22,938,39530,35,1,0.0,0.9571391488094428,15.300036111741386,3.9115260591924206,0.23332545643792202
no_tire_age,ablation_development,2023-09-03::Italian Grand Prix,2023-09-03,Italian Grand Prix,21,938,39530,35,1,0.0,1.1211490109530944,15.582767116829855,3.947501376418994,0.22621752589892172
no_compound,ablation_development,2023-09-03::Italian Grand Prix,2023-09-03,Italian Grand Prix,24,938,39530,35,1,0.0,1.0255109268966802,15.81268670275791,3.976516905881064,0.25555665098852876
no_driver,ablation_development,2023-09-17::Singapore Grand Prix,2023-09-17,Singapore Grand Prix,27,1024,40468,36,1,0.0,4.263048584945474,21.05820786696972,4.588922299077391,0.07639170815209746
no_constructor,ablation_development,2023-09-17::Singapore Grand Prix,2023-09-17,Singapore Grand Prix,27,1024,40468,36,1,0.0,2.9041230566995355,10.391850920159005,3.2236393905272664,0.09284775801522564
no_air_temperature,ablation_development,2023-09-17::Singapore Grand Prix,2023-09-17,Singapore Grand Prix,27,1024,40468,36,1,0.0,5.876208796697446,37.90987677406633,6.1570997047365035,0.13963618058275928
no_track_temperature,ablation_development,2023-09-17::Singapore Grand Prix,2023-09-17,Singapore Grand Prix,27,1024,40468,36,1,0.0,2.3754587378643146,7.447910261702429,2.729085975505797,0.07351285130566246
no_fuel_race_progress,ablation_development,2023-09-17::Singapore Grand Prix,2023-09-17,Singapore Grand Prix,22,1024,40468,36,1,0.0,3.9256989035690477,19.090577919111873,4.369276589907289,0.16892245789814905
no_tire_age,ablation_development,2023-09-17::Singapore Grand Prix,2023-09-17,Singapore Grand Prix,21,1024,40468,36,1,0.0,3.4727444793429307,14.414788593443223,3.7966812604488176,0.1553779042823641
no_compound,ablation_development,2023-09-17::Singapore Grand Prix,2023-09-17,Singapore Grand Prix,24,1024,40468,36,1,0.0,6.003622314786394,38.89596019993064,6.236662585063476,0.11506280394284063
no_driver,ablation_development,2023-09-24::Japanese Grand Prix,2023-09-24,Japanese Grand Prix,27,825,41492,37,1,0.0,1.5820218744398842,3.3290776404091087,1.8245760166156708,0.03439785233762336
no_constructor,ablation_development,2023-09-24::Japanese Grand Prix,2023-09-24,Japanese Grand Prix,27,825,41492,37,1,0.0,2.015574548960478,4.794843957202987,2.1897132134603807,0.0525763467307148
no_air_temperature,ablation_development,2023-09-24::Japanese Grand Prix,2023-09-24,Japanese Grand Prix,27,825,41492,37,1,0.0,1.5049332551721537,3.0063446882575073,1.733881393941785,0.029804902864738605
no_track_temperature,ablation_development,2023-09-24::Japanese Grand Prix,2023-09-24,Japanese Grand Prix,27,825,41492,37,1,0.0,1.9521509912550274,4.4914167998079755,2.119296298257508,0.031334905365765435
no_fuel_race_progress,ablation_development,2023-09-24::Japanese Grand Prix,2023-09-24,Japanese Grand Prix,22,825,41492,37,1,0.0,2.0871018601015807,5.4228056541769405,2.328691833235334,0.0370435068659723
no_tire_age,ablation_development,2023-09-24::Japanese Grand Prix,2023-09-24,Japanese Grand Prix,21,825,41492,37,1,0.0,1.9744936838063547,4.772405215115375,2.1845835335631767,0.09216869908460812
no_compound,ablation_development,2023-09-24::Japanese Grand Prix,2023-09-24,Japanese Grand Prix,24,825,41492,37,1,0.0,2.271709382810633,5.882430194001968,2.425372176389011,0.026325088628970886
no_driver,ablation_development,2023-10-08::Qatar Grand Prix,2023-10-08,Qatar Grand Prix,27,952,42317,38,1,0.0,2.5704420636559577,8.083837281334892,2.8432089760224963,0.038468891988662164
no_constructor,ablation_development,2023-10-08::Qatar Grand Prix,2023-10-08,Qatar Grand Prix,27,952,42317,38,1,0.0,2.6476074949346953,9.503706757229105,3.0828082582653606,0.08873578886776883
no_air_temperature,ablation_development,2023-10-08::Qatar Grand Prix,2023-10-08,Qatar Grand Prix,27,952,42317,38,1,0.0,1.932960516344496,4.9037775174992815,2.2144474519616133,0.02802627307735148
no_track_temperature,ablation_development,2023-10-08::Qatar Grand Prix,2023-10-08,Qatar Grand Prix,27,952,42317,38,1,0.0,2.871716147291028,10.047686786570573,3.1698086356388413,0.06339948596569615
no_fuel_race_progress,ablation_development,2023-10-08::Qatar Grand Prix,2023-10-08,Qatar Grand Prix,22,952,42317,38,1,0.0,2.4747948254207497,8.454739115688696,2.9077034091682554,0.04732735497165377
no_tire_age,ablation_development,2023-10-08::Qatar Grand Prix,2023-10-08,Qatar Grand Prix,21,952,42317,38,1,0.0,2.6570480884719636,9.165301489299988,3.0274248940807746,0.07321381879487347
no_compound,ablation_development,2023-10-08::Qatar Grand Prix,2023-10-08,Qatar Grand Prix,24,952,42317,38,1,0.0,3.4610053076218326,14.538913561808688,3.8129927303639968,0.0666212706598266
no_driver,ablation_development,2023-10-22::United States Grand Prix,2023-10-22,United States Grand Prix,27,1265,43269,39,1,0.0,1.259166660347859,2.5183407308679753,1.5869280799292624,0.019366815096837256
no_constructor,ablation_development,2023-10-22::United States Grand Prix,2023-10-22,United States Grand Prix,27,1265,43269,39,1,0.0,1.1082750256532063,2.038292125020978,1.4276876846919209,0.008087744898306626
no_air_temperature,ablation_development,2023-10-22::United States Grand Prix,2023-10-22,United States Grand Prix,27,1265,43269,39,1,0.0,0.8510559238345435,1.117004745414662,1.0568844522532546,0.02762453170916518
no_track_temperature,ablation_development,2023-10-22::United States Grand Prix,2023-10-22,United States Grand Prix,27,1265,43269,39,1,0.0,1.1440210420881713,2.140642448626855,1.46309345177499,0.011220663023470702
no_fuel_race_progress,ablation_development,2023-10-22::United States Grand Prix,2023-10-22,United States Grand Prix,22,1265,43269,39,1,0.0,1.0035346651431445,1.5726401418211202,1.2540494973569107,0.030692525747216922
no_tire_age,ablation_development,2023-10-22::United States Grand Prix,2023-10-22,United States Grand Prix,21,1265,43269,39,1,0.0,0.9690192019179629,1.4710730899937663,1.2128780194206532,0.035339038633378866
no_compound,ablation_development,2023-10-22::United States Grand Prix,2023-10-22,United States Grand Prix,24,1265,43269,39,1,0.0,1.1764227401743017,2.375583578777845,1.5412928270701336,0.0120043541618237
no_driver,ablation_development,2023-10-29::Mexico City Grand Prix,2023-10-29,Mexico City Grand Prix,27,1283,44534,40,1,0.0,1.1638685368300878,2.672702555149091,1.6348402231255172,0.06883493382633528
no_constructor,ablation_development,2023-10-29::Mexico City Grand Prix,2023-10-29,Mexico City Grand Prix,27,1283,44534,40,1,0.0,0.9097818925961099,1.835757750474337,1.3549013803500005,0.10258629098093518
no_air_temperature,ablation_development,2023-10-29::Mexico City Grand Prix,2023-10-29,Mexico City Grand Prix,27,1283,44534,40,1,0.0,1.0347958086801394,2.1694526915939147,1.4729062059730467,0.09801231670637427
no_track_temperature,ablation_development,2023-10-29::Mexico City Grand Prix,2023-10-29,Mexico City Grand Prix,27,1283,44534,40,1,0.0,0.7699363915829512,1.5909109230842209,1.2613131740706671,0.10425052066834606
no_fuel_race_progress,ablation_development,2023-10-29::Mexico City Grand Prix,2023-10-29,Mexico City Grand Prix,22,1283,44534,40,1,0.0,1.1946201666870935,2.9109641342291934,1.7061547802673687,0.06539789796509451
no_tire_age,ablation_development,2023-10-29::Mexico City Grand Prix,2023-10-29,Mexico City Grand Prix,21,1283,44534,40,1,0.0,1.1304231470161712,3.8399031849866385,1.9595670912185268,0.0726515828943647
no_compound,ablation_development,2023-10-29::Mexico City Grand Prix,2023-10-29,Mexico City Grand Prix,24,1283,44534,40,1,0.0,1.2598930981902845,3.613730016816327,1.900981329949436,0.04387000416296774
no_driver,ablation_development,2023-11-05::São Paulo Grand Prix,2023-11-05,São Paulo Grand Prix,27,1432,45817,41,1,0.0,0.8355147891065353,1.3915276467868496,1.1796303008938223,0.0485749925054233
no_constructor,ablation_development,2023-11-05::São Paulo Grand Prix,2023-11-05,São Paulo Grand Prix,27,1432,45817,41,1,0.0,0.7055338109101448,0.7918741805611845,0.8898731261034826,0.035947600413945915
no_air_temperature,ablation_development,2023-11-05::São Paulo Grand Prix,2023-11-05,São Paulo Grand Prix,27,1432,45817,41,1,0.0,0.6806118761228743,0.7275774580420479,0.8529815109614322,0.04300784250758022
no_track_temperature,ablation_development,2023-11-05::São Paulo Grand Prix,2023-11-05,São Paulo Grand Prix,27,1432,45817,41,1,0.0,0.6615597896092952,0.7941248554594738,0.8911368331852711,0.046354592386338656
no_fuel_race_progress,ablation_development,2023-11-05::São Paulo Grand Prix,2023-11-05,São Paulo Grand Prix,22,1432,45817,41,1,0.0,0.9850812664922418,1.4119766876752526,1.1882662528555006,0.0390915483770435
no_tire_age,ablation_development,2023-11-05::São Paulo Grand Prix,2023-11-05,São Paulo Grand Prix,21,1432,45817,41,1,0.0,0.7352708030445331,1.0488280899227302,1.0241230833853567,0.06147147460287743
no_compound,ablation_development,2023-11-05::São Paulo Grand Prix,2023-11-05,São Paulo Grand Prix,24,1432,45817,41,1,0.0,0.7924744372576508,1.50944165365095,1.228593363831561,0.04636189563350632
no_driver,ablation_development,2023-11-18::Las Vegas Grand Prix,2023-11-18,Las Vegas Grand Prix,27,1001,47249,42,1,0.0,2.0951661258838383,15.492560833911629,3.936059048580398,0.1280192824892246
no_constructor,ablation_development,2023-11-18::Las Vegas Grand Prix,2023-11-18,Las Vegas Grand Prix,27,1001,47249,42,1,0.0,2.291138456721554,16.822859635181363,4.101567948380395,0.145752696048813
no_air_temperature,ablation_development,2023-11-18::Las Vegas Grand Prix,2023-11-18,Las Vegas Grand Prix,27,1001,47249,42,1,0.0,2.1710119217426573,15.966531063899208,3.9958141928647293,0.09206446080913573
no_track_temperature,ablation_development,2023-11-18::Las Vegas Grand Prix,2023-11-18,Las Vegas Grand Prix,27,1001,47249,42,1,0.0,2.486168039787703,17.490927550658828,4.182215626992328,0.10221768586248704
no_fuel_race_progress,ablation_development,2023-11-18::Las Vegas Grand Prix,2023-11-18,Las Vegas Grand Prix,22,1001,47249,42,1,0.0,2.2088536538196006,15.36909891023131,3.920344233639606,0.11069817528667146
no_tire_age,ablation_development,2023-11-18::Las Vegas Grand Prix,2023-11-18,Las Vegas Grand Prix,21,1001,47249,42,1,0.0,2.292599959471628,15.900262049503818,3.9875132663733943,0.06438107763948064
no_compound,ablation_development,2023-11-18::Las Vegas Grand Prix,2023-11-18,Las Vegas Grand Prix,24,1001,47249,42,1,0.0,2.2400737076487736,16.05498922855542,4.006867757807266,0.12064434373801024
no_driver,ablation_development,2023-11-26::Abu Dhabi Grand Prix,2023-11-26,Abu Dhabi Grand Prix,27,1163,48250,43,1,0.0,1.1902937184581746,8.52734006007995,2.920160964755188,0.2915007225159219
no_constructor,ablation_development,2023-11-26::Abu Dhabi Grand Prix,2023-11-26,Abu Dhabi Grand Prix,27,1163,48250,43,1,0.0,1.1558793740435198,8.493498734396628,2.9143607762932557,0.30352098377369047
no_air_temperature,ablation_development,2023-11-26::Abu Dhabi Grand Prix,2023-11-26,Abu Dhabi Grand Prix,27,1163,48250,43,1,0.0,1.3223973495071217,8.753282054309027,2.958594607969978,0.30192927175940326
no_track_temperature,ablation_development,2023-11-26::Abu Dhabi Grand Prix,2023-11-26,Abu Dhabi Grand Prix,27,1163,48250,43,1,0.0,1.2505104043019273,8.738869481054072,2.9561578917666207,0.3167844481555759
no_fuel_race_progress,ablation_development,2023-11-26::Abu Dhabi Grand Prix,2023-11-26,Abu Dhabi Grand Prix,22,1163,48250,43,1,0.0,1.378697091413955,9.354272808158516,3.0584755693251036,0.2859178210168469
no_tire_age,ablation_development,2023-11-26::Abu Dhabi Grand Prix,2023-11-26,Abu Dhabi Grand Prix,21,1163,48250,43,1,0.0,1.204206645327977,8.431985906336436,2.903788199290099,0.2815774160652698
no_compound,ablation_development,2023-11-26::Abu Dhabi Grand Prix,2023-11-26,Abu Dhabi Grand Prix,24,1163,48250,43,1,0.0,1.1401946190515326,8.585960327848964,2.9301809377321675,0.30947394860197974
no_driver,ablation_development,2024-03-02::Bahrain Grand Prix,2024-03-02,Bahrain Grand Prix,27,1226,49413,44,1,0.0,1.3440461118327747,2.1616714509361117,1.4702623748624297,0.029154097134190805
no_constructor,ablation_development,2024-03-02::Bahrain Grand Prix,2024-03-02,Bahrain Grand Prix,27,1226,49413,44,1,0.0,1.3302421419073958,2.169081077273838,1.4727800505417765,0.06114092506268198
no_air_temperature,ablation_development,2024-03-02::Bahrain Grand Prix,2024-03-02,Bahrain Grand Prix,27,1226,49413,44,1,0.0,1.6261380224196336,3.0560545410176854,1.74815747031487,0.06776216645048354
no_track_temperature,ablation_development,2024-03-02::Bahrain Grand Prix,2024-03-02,Bahrain Grand Prix,27,1226,49413,44,1,0.0,1.356788104029443,2.2193538742797854,1.4897496012014184,0.026081080919695354
no_fuel_race_progress,ablation_development,2024-03-02::Bahrain Grand Prix,2024-03-02,Bahrain Grand Prix,22,1226,49413,44,1,0.0,1.4176054057168266,2.852824863431107,1.6890307467394154,0.057041680852764474
no_tire_age,ablation_development,2024-03-02::Bahrain Grand Prix,2024-03-02,Bahrain Grand Prix,21,1226,49413,44,1,0.0,1.387661466462088,2.354975252168221,1.5345928620217875,0.09015317011622159
no_compound,ablation_development,2024-03-02::Bahrain Grand Prix,2024-03-02,Bahrain Grand Prix,24,1226,49413,44,1,0.0,1.4071736297599797,2.32473359928366,1.5247077094589836,0.036268601367835974
no_driver,ablation_development,2024-03-09::Saudi Arabian Grand Prix,2024-03-09,Saudi Arabian Grand Prix,27,1038,50639,45,1,0.0,1.2365999810892911,5.376764842700191,2.3187852084011986,0.043326949964825605
no_constructor,ablation_development,2024-03-09::Saudi Arabian Grand Prix,2024-03-09,Saudi Arabian Grand Prix,27,1038,50639,45,1,0.0,1.3062304628121808,5.503206326929691,2.345891371510985,0.03746995053662133
no_air_temperature,ablation_development,2024-03-09::Saudi Arabian Grand Prix,2024-03-09,Saudi Arabian Grand Prix,27,1038,50639,45,1,0.0,1.2303222092850694,5.322295300441196,2.307010034750867,0.043854337135484846
no_track_temperature,ablation_development,2024-03-09::Saudi Arabian Grand Prix,2024-03-09,Saudi Arabian Grand Prix,27,1038,50639,45,1,0.0,1.357629372399352,5.589764859639647,2.3642683560965847,0.03662468113481187
no_fuel_race_progress,ablation_development,2024-03-09::Saudi Arabian Grand Prix,2024-03-09,Saudi Arabian Grand Prix,22,1038,50639,45,1,0.0,1.156528358433405,5.457484181649989,2.3361258916526713,0.04658705721916768
no_tire_age,ablation_development,2024-03-09::Saudi Arabian Grand Prix,2024-03-09,Saudi Arabian Grand Prix,21,1038,50639,45,1,0.0,1.1971504668283974,5.227347099446071,2.2863392354255025,0.02987036699873823
no_compound,ablation_development,2024-03-09::Saudi Arabian Grand Prix,2024-03-09,Saudi Arabian Grand Prix,24,1038,50639,45,1,0.0,1.2306391516486408,5.334362859718591,2.309623965003522,0.047864580324563234
no_driver,ablation_development,2024-03-24::Australian Grand Prix,2024-03-24,Australian Grand Prix,27,1124,51677,46,1,0.0,2.1079548728257738,21.46862538566491,4.633424800907522,0.2205327104577203
no_constructor,ablation_development,2024-03-24::Australian Grand Prix,2024-03-24,Australian Grand Prix,27,1124,51677,46,1,0.0,2.1116128899304183,21.363137504821086,4.622027423633604,0.21653366905995833
no_air_temperature,ablation_development,2024-03-24::Australian Grand Prix,2024-03-24,Australian Grand Prix,27,1124,51677,46,1,0.0,2.3103977100745485,21.99296238811231,4.6896654878692905,0.2204418564835087
no_track_temperature,ablation_development,2024-03-24::Australian Grand Prix,2024-03-24,Australian Grand Prix,27,1124,51677,46,1,0.0,1.9817511269958616,21.172731478230347,4.601383648233469,0.22383953324483444
no_fuel_race_progress,ablation_development,2024-03-24::Australian Grand Prix,2024-03-24,Australian Grand Prix,22,1124,51677,46,1,0.0,2.4021083392372837,22.497318208223447,4.743133796154547,0.19894138493584426
no_tire_age,ablation_development,2024-03-24::Australian Grand Prix,2024-03-24,Australian Grand Prix,21,1124,51677,46,1,0.0,2.0175456652612365,21.33238032284533,4.618698985953223,0.21083271331622966
no_compound,ablation_development,2024-03-24::Australian Grand Prix,2024-03-24,Australian Grand Prix,24,1124,51677,46,1,0.0,2.0959651786947058,21.540432884724105,4.6411671899129106,0.21947083546457394
no_driver,ablation_development,2024-04-07::Japanese Grand Prix,2024-04-07,Japanese Grand Prix,27,762,52801,47,1,0.0,0.8270936166063898,1.1084823242764446,1.0528448718954015,0.04893689104722875
no_constructor,ablation_development,2024-04-07::Japanese Grand Prix,2024-04-07,Japanese Grand Prix,27,762,52801,47,1,0.0,0.873250806305593,1.2119910535012997,1.100904652320672,0.05032820799247867
no_air_temperature,ablation_development,2024-04-07::Japanese Grand Prix,2024-04-07,Japanese Grand Prix,27,762,52801,47,1,0.0,1.1127642712169565,1.678393167500704,1.2955281423036336,0.03511525806268848
no_track_temperature,ablation_development,2024-04-07::Japanese Grand Prix,2024-04-07,Japanese Grand Prix,27,762,52801,47,1,0.0,0.7762032637983065,0.9768625489099042,0.9883635712175476,0.03747000341091929
no_fuel_race_progress,ablation_development,2024-04-07::Japanese Grand Prix,2024-04-07,Japanese Grand Prix,22,762,52801,47,1,0.0,1.2451481012362495,2.3841551673288817,1.544070972244761,0.019479964867480503
no_tire_age,ablation_development,2024-04-07::Japanese Grand Prix,2024-04-07,Japanese Grand Prix,21,762,52801,47,1,0.0,0.8292226020717581,1.2142933586689706,1.1019497986156042,0.09847718963888939
no_compound,ablation_development,2024-04-07::Japanese Grand Prix,2024-04-07,Japanese Grand Prix,24,762,52801,47,1,0.0,0.8207633938099916,1.1299984072020317,1.063013832084057,0.060920537699616965
no_driver,ablation_development,2024-04-21::Chinese Grand Prix,2024-04-21,Chinese Grand Prix,27,1097,53563,48,1,0.0,2.0511499615655255,4.839526259898692,2.1998923291603822,0.030660718484250823
no_constructor,ablation_development,2024-04-21::Chinese Grand Prix,2024-04-21,Chinese Grand Prix,27,1097,53563,48,1,0.0,2.1448247737978496,5.2102224144705245,2.2825911623570536,0.032343807011075976
no_air_temperature,ablation_development,2024-04-21::Chinese Grand Prix,2024-04-21,Chinese Grand Prix,27,1097,53563,48,1,0.0,2.165582368890969,5.317728134627226,2.306019977065946,0.02560027570807777
no_track_temperature,ablation_development,2024-04-21::Chinese Grand Prix,2024-04-21,Chinese Grand Prix,27,1097,53563,48,1,0.0,2.1265405823475922,5.212720810537491,2.2831383686797198,0.03746313797593553
no_fuel_race_progress,ablation_development,2024-04-21::Chinese Grand Prix,2024-04-21,Chinese Grand Prix,22,1097,53563,48,1,0.0,2.4240704244296674,7.066410908137153,2.6582721659260464,0.043440835710365194
no_tire_age,ablation_development,2024-04-21::Chinese Grand Prix,2024-04-21,Chinese Grand Prix,21,1097,53563,48,1,0.0,2.1295616677107723,5.267898833418528,2.2951903697555305,0.05936163496224676
no_compound,ablation_development,2024-04-21::Chinese Grand Prix,2024-04-21,Chinese Grand Prix,24,1097,53563,48,1,0.0,2.34287476436753,6.164786748097041,2.482898859820319,0.034127767784848655
no_driver,ablation_development,2024-05-05::Miami Grand Prix,2024-05-05,Miami Grand Prix,27,1220,54660,49,1,0.0,1.1761239987285717,1.9406775052846912,1.3930820167113964,0.005652131483704617
no_constructor,ablation_development,2024-05-05::Miami Grand Prix,2024-05-05,Miami Grand Prix,27,1220,54660,49,1,0.0,1.0842353444241797,1.6114789498205695,1.2694404081407562,0.009440587848597156
no_air_temperature,ablation_development,2024-05-05::Miami Grand Prix,2024-05-05,Miami Grand Prix,27,1220,54660,49,1,0.0,1.3480562645282927,2.306570936253202,1.518739917251536,0.010022295255442983
no_track_temperature,ablation_development,2024-05-05::Miami Grand Prix,2024-05-05,Miami Grand Prix,27,1220,54660,49,1,0.0,0.978158324554289,1.3504263277684063,1.1620784516410267,0.011826317248789372
no_fuel_race_progress,ablation_development,2024-05-05::Miami Grand Prix,2024-05-05,Miami Grand Prix,22,1220,54660,49,1,0.0,1.3582259392737992,2.5015386195316185,1.5816253094622692,0.015636348517438448
no_tire_age,ablation_development,2024-05-05::Miami Grand Prix,2024-05-05,Miami Grand Prix,21,1220,54660,49,1,0.0,0.9439924801062902,1.2913255386136653,1.1363650551709452,0.006464384153714046
no_compound,ablation_development,2024-05-05::Miami Grand Prix,2024-05-05,Miami Grand Prix,24,1220,54660,49,1,0.0,1.011228847670649,1.4729907718874309,1.213668312137806,0.01231687072910191
no_driver,ablation_development,2024-05-19::Emilia Romagna Grand Prix,2024-05-19,Emilia Romagna Grand Prix,27,1433,55880,50,1,0.0,1.156643502952943,2.960447470796531,1.720595092052901,0.0816539251810735
no_constructor,ablation_development,2024-05-19::Emilia Romagna Grand Prix,2024-05-19,Emilia Romagna Grand Prix,27,1433,55880,50,1,0.0,1.1966287189341398,3.090485939181952,1.7579777982619553,0.07152118450449178
no_air_temperature,ablation_development,2024-05-19::Emilia Romagna Grand Prix,2024-05-19,Emilia Romagna Grand Prix,27,1433,55880,50,1,0.0,1.2476612105950056,3.192924610463009,1.7868756561280388,0.09636701258876583
no_track_temperature,ablation_development,2024-05-19::Emilia Romagna Grand Prix,2024-05-19,Emilia Romagna Grand Prix,27,1433,55880,50,1,0.0,1.1405007949218258,3.0350817538468835,1.742148602687751,0.08217495846845273
no_fuel_race_progress,ablation_development,2024-05-19::Emilia Romagna Grand Prix,2024-05-19,Emilia Romagna Grand Prix,22,1433,55880,50,1,0.0,1.0120192923670444,2.6967840306308215,1.6421887926273342,0.09429610295953943
no_tire_age,ablation_development,2024-05-19::Emilia Romagna Grand Prix,2024-05-19,Emilia Romagna Grand Prix,21,1433,55880,50,1,0.0,1.3326323831371485,3.5561026305485033,1.885763142748448,0.10964734782012185
no_compound,ablation_development,2024-05-19::Emilia Romagna Grand Prix,2024-05-19,Emilia Romagna Grand Prix,24,1433,55880,50,1,0.0,1.1679025953715143,3.0287465207989337,1.7403294288148246,0.08254840744361112
no_driver,ablation_development,2024-05-26::Monaco Grand Prix,2024-05-26,Monaco Grand Prix,27,1553,57313,51,1,0.0,2.729007363396517,22.81568777201331,4.77657699320479,0.05222682060213285
no_constructor,ablation_development,2024-05-26::Monaco Grand Prix,2024-05-26,Monaco Grand Prix,27,1553,57313,51,1,0.0,2.5925868177521116,22.42522179801111,4.735527615589535,0.05273223621524276
no_air_temperature,ablation_development,2024-05-26::Monaco Grand Prix,2024-05-26,Monaco Grand Prix,27,1553,57313,51,1,0.0,2.8346746106427707,23.83042110944107,4.881641231127198,0.07759165593441607
no_track_temperature,ablation_development,2024-05-26::Monaco Grand Prix,2024-05-26,Monaco Grand Prix,27,1553,57313,51,1,0.0,2.6687921395607557,22.56557168865966,4.750323324644298,0.05073757169749873
no_fuel_race_progress,ablation_development,2024-05-26::Monaco Grand Prix,2024-05-26,Monaco Grand Prix,22,1553,57313,51,1,0.0,2.625741388471767,22.74614534457082,4.769291912283292,0.04872371844656326
no_tire_age,ablation_development,2024-05-26::Monaco Grand Prix,2024-05-26,Monaco Grand Prix,21,1553,57313,51,1,0.0,2.596034290041221,22.55604706980256,4.749320695615591,0.03632506528568343
no_compound,ablation_development,2024-05-26::Monaco Grand Prix,2024-05-26,Monaco Grand Prix,24,1553,57313,51,1,0.0,2.8046276723145103,23.318713610478692,4.828945393197017,0.053954185392146914
no_driver,ablation_development,2024-06-09::Canadian Grand Prix,2024-06-09,Canadian Grand Prix,27,1130,58866,52,1,0.0,3.388147815675628,26.828721634662557,5.179644933261599,0.28869016134612446
no_constructor,ablation_development,2024-06-09::Canadian Grand Prix,2024-06-09,Canadian Grand Prix,27,1130,58866,52,1,0.0,3.547194779720327,30.31286446896512,5.505711985653184,0.2922940450808217
no_air_temperature,ablation_development,2024-06-09::Canadian Grand Prix,2024-06-09,Canadian Grand Prix,27,1130,58866,52,1,0.0,3.418673613453379,29.115175060370046,5.395847946372289,0.24973566545634968
no_track_temperature,ablation_development,2024-06-09::Canadian Grand Prix,2024-06-09,Canadian Grand Prix,27,1130,58866,52,1,0.0,3.3788956344088192,28.97940273921992,5.383252059788759,0.28175513393816426
no_fuel_race_progress,ablation_development,2024-06-09::Canadian Grand Prix,2024-06-09,Canadian Grand Prix,22,1130,58866,52,1,0.0,3.3892664484754893,23.934465411504178,4.892286317408679,0.28797743384217045
no_tire_age,ablation_development,2024-06-09::Canadian Grand Prix,2024-06-09,Canadian Grand Prix,21,1130,58866,52,1,0.0,3.021185033670614,24.187439534298782,4.918072745933999,0.21510488430266253
no_compound,ablation_development,2024-06-09::Canadian Grand Prix,2024-06-09,Canadian Grand Prix,24,1130,58866,52,1,0.0,4.353817219050019,37.738571051156235,6.143172718649235,0.23288492891301038
no_driver,ablation_development,2024-06-23::Spanish Grand Prix,2024-06-23,Spanish Grand Prix,27,1452,59996,53,1,0.0,1.2024908613092185,2.6382393956654315,1.6242658020365484,0.0359479690122572
no_constructor,ablation_development,2024-06-23::Spanish Grand Prix,2024-06-23,Spanish Grand Prix,27,1452,59996,53,1,0.0,1.083335388916794,2.4120336770957045,1.5530723347918165,0.040259453493887286
no_air_temperature,ablation_development,2024-06-23::Spanish Grand Prix,2024-06-23,Spanish Grand Prix,27,1452,59996,53,1,0.0,1.755503401247798,4.6905018217722345,2.165756639554,0.04641722699248189
no_track_temperature,ablation_development,2024-06-23::Spanish Grand Prix,2024-06-23,Spanish Grand Prix,27,1452,59996,53,1,0.0,0.8244533860337586,2.1734905560324496,1.4742762821236899,0.04137793216844075
no_fuel_race_progress,ablation_development,2024-06-23::Spanish Grand Prix,2024-06-23,Spanish Grand Prix,22,1452,59996,53,1,0.0,1.2714711599267268,3.0254951486980453,1.7393950525105115,0.03211561175708936
no_tire_age,ablation_development,2024-06-23::Spanish Grand Prix,2024-06-23,Spanish Grand Prix,21,1452,59996,53,1,0.0,1.1621308098236365,2.7589319299503257,1.6610032901684229,0.06965756592462237
no_compound,ablation_development,2024-06-23::Spanish Grand Prix,2024-06-23,Spanish Grand Prix,24,1452,59996,53,1,0.0,1.0155955634332605,2.9762227420179483,1.7251732498557786,0.049931685447864714
no_driver,ablation_development,2024-06-30::Austrian Grand Prix,2024-06-30,Austrian Grand Prix,27,1686,61448,54,1,0.0,0.9944387096323392,1.2757803485248298,1.129504470343004,0.19500379881281438
no_constructor,ablation_development,2024-06-30::Austrian Grand Prix,2024-06-30,Austrian Grand Prix,27,1686,61448,54,1,0.0,0.5942738658613402,0.5494843550693551,0.7412721194469377,0.21631725812142774
no_air_temperature,ablation_development,2024-06-30::Austrian Grand Prix,2024-06-30,Austrian Grand Prix,27,1686,61448,54,1,0.0,0.5328361588669241,0.4708221641688046,0.6861648228879156,0.21073857526875425
no_track_temperature,ablation_development,2024-06-30::Austrian Grand Prix,2024-06-30,Austrian Grand Prix,27,1686,61448,54,1,0.0,0.8058156023948253,0.8753613078638385,0.9356074539377284,0.20567860325032752
no_fuel_race_progress,ablation_development,2024-06-30::Austrian Grand Prix,2024-06-30,Austrian Grand Prix,22,1686,61448,54,1,0.0,0.8664927626901848,1.2867862135592876,1.1343659962989403,0.020568072392321616
no_tire_age,ablation_development,2024-06-30::Austrian Grand Prix,2024-06-30,Austrian Grand Prix,21,1686,61448,54,1,0.0,0.9378059019171058,1.2050293759473067,1.0977383003008079,0.23104679176731313
no_compound,ablation_development,2024-06-30::Austrian Grand Prix,2024-06-30,Austrian Grand Prix,24,1686,61448,54,1,0.0,1.1904858663472524,1.746901002378859,1.3217038255141955,0.19394190162409386
no_driver,ablation_development,2024-07-07::British Grand Prix,2024-07-07,British Grand Prix,27,1039,63134,55,1,0.0,2.047870821675414,7.422815288947979,2.724484407910601,0.07927917954104197
no_constructor,ablation_development,2024-07-07::British Grand Prix,2024-07-07,British Grand Prix,27,1039,63134,55,1,0.0,1.9441021215356178,7.233699868033378,2.6895538418171476,0.08926319918983955
no_air_temperature,ablation_development,2024-07-07::British Grand Prix,2024-07-07,British Grand Prix,27,1039,63134,55,1,0.0,2.079279840415229,7.615819033976352,2.7596773423674645,0.08296241455346931
no_track_temperature,ablation_development,2024-07-07::British Grand Prix,2024-07-07,British Grand Prix,27,1039,63134,55,1,0.0,2.0617807335233005,7.603583131830219,2.7574595430994484,0.12139704570845081
no_fuel_race_progress,ablation_development,2024-07-07::British Grand Prix,2024-07-07,British Grand Prix,22,1039,63134,55,1,0.0,2.6519444828964827,14.748053071951416,3.840319397127199,0.11131035020225141
no_tire_age,ablation_development,2024-07-07::British Grand Prix,2024-07-07,British Grand Prix,21,1039,63134,55,1,0.0,1.9699148182632946,7.380788714862546,2.716760702539432,0.10311240632481278
no_compound,ablation_development,2024-07-07::British Grand Prix,2024-07-07,British Grand Prix,24,1039,63134,55,1,0.0,2.6594238329052042,13.492876584565169,3.6732651122080977,0.06580043615390142
no_driver,ablation_development,2024-07-21::Hungarian Grand Prix,2024-07-21,Hungarian Grand Prix,27,1384,64173,56,1,0.0,0.76397905229139,0.9552568107306952,0.9773724012528159,0.011438796724318629
no_constructor,ablation_development,2024-07-21::Hungarian Grand Prix,2024-07-21,Hungarian Grand Prix,27,1384,64173,56,1,0.0,0.7732529294016498,0.9583956864199582,0.9789768569378738,0.003200275585356753
no_air_temperature,ablation_development,2024-07-21::Hungarian Grand Prix,2024-07-21,Hungarian Grand Prix,27,1384,64173,56,1,0.0,0.6677619905825717,0.8163540300515422,0.9035231209280381,0.013272169979923275
no_track_temperature,ablation_development,2024-07-21::Hungarian Grand Prix,2024-07-21,Hungarian Grand Prix,27,1384,64173,56,1,0.0,0.8145118315393847,1.002667126951922,1.0013326754640148,0.02836360033893388
no_fuel_race_progress,ablation_development,2024-07-21::Hungarian Grand Prix,2024-07-21,Hungarian Grand Prix,22,1384,64173,56,1,0.0,1.116549843018361,2.0302759937527886,1.4248775364054234,0.01303678084914967
no_tire_age,ablation_development,2024-07-21::Hungarian Grand Prix,2024-07-21,Hungarian Grand Prix,21,1384,64173,56,1,0.0,0.7735892034036337,1.0113128986344209,1.0056405414632112,0.030460325009334595
no_compound,ablation_development,2024-07-21::Hungarian Grand Prix,2024-07-21,Hungarian Grand Prix,24,1384,64173,56,1,0.0,0.7193693817838867,0.8797554246774046,0.9379527838209153,0.007575716100236611
no_driver,ablation_development,2024-07-28::Belgian Grand Prix,2024-07-28,Belgian Grand Prix,27,909,65557,57,1,0.0,4.325635700851432,19.772354256429473,4.4466115477326635,0.04808004455078733
no_constructor,ablation_development,2024-07-28::Belgian Grand Prix,2024-07-28,Belgian Grand Prix,27,909,65557,57,1,0.0,4.166789911200905,18.325620566914523,4.280843441065619,0.05584180488695636
no_air_temperature,ablation_development,2024-07-28::Belgian Grand Prix,2024-07-28,Belgian Grand Prix,27,909,65557,57,1,0.0,4.190888517364471,18.606504434305418,4.313525754450229,0.06141220966210328
no_track_temperature,ablation_development,2024-07-28::Belgian Grand Prix,2024-07-28,Belgian Grand Prix,27,909,65557,57,1,0.0,4.066954612885552,17.454148390703864,4.177816222705813,0.0466451186764938
no_fuel_race_progress,ablation_development,2024-07-28::Belgian Grand Prix,2024-07-28,Belgian Grand Prix,22,909,65557,57,1,0.0,4.2864816776226835,20.101060614786743,4.483420637725925,0.053342082084163446
no_tire_age,ablation_development,2024-07-28::Belgian Grand Prix,2024-07-28,Belgian Grand Prix,21,909,65557,57,1,0.0,4.229658299424044,19.040550358978464,4.363547909554617,0.022299219040029506
no_compound,ablation_development,2024-07-28::Belgian Grand Prix,2024-07-28,Belgian Grand Prix,24,909,65557,57,1,0.0,4.298822899181176,19.50112445697888,4.416007751009828,0.04630032490352124
no_driver,ablation_development,2024-08-25::Dutch Grand Prix,2024-08-25,Dutch Grand Prix,27,1655,66466,58,1,0.0,0.7337108871455688,1.0449445518879823,1.0222252940951824,0.05546736892155966
no_constructor,ablation_development,2024-08-25::Dutch Grand Prix,2024-08-25,Dutch Grand Prix,27,1655,66466,58,1,0.0,0.6568534388228394,0.8805287711368722,0.9383649456031871,0.050385097566648974
no_air_temperature,ablation_development,2024-08-25::Dutch Grand Prix,2024-08-25,Dutch Grand Prix,27,1655,66466,58,1,0.0,0.8682141236229378,1.3312619028204458,1.1538032340136881,0.05934928059732009
no_track_temperature,ablation_development,2024-08-25::Dutch Grand Prix,2024-08-25,Dutch Grand Prix,27,1655,66466,58,1,0.0,0.6976580136113055,0.9812768186239069,0.9905941745356203,0.05305295379555189
no_fuel_race_progress,ablation_development,2024-08-25::Dutch Grand Prix,2024-08-25,Dutch Grand Prix,22,1655,66466,58,1,0.0,0.919824600646301,1.471148707681478,1.212909191852992,0.043674745733723354
no_tire_age,ablation_development,2024-08-25::Dutch Grand Prix,2024-08-25,Dutch Grand Prix,21,1655,66466,58,1,0.0,0.7378366073555251,1.0959708082264468,1.0468862441671716,0.07262154732416386
no_compound,ablation_development,2024-08-25::Dutch Grand Prix,2024-08-25,Dutch Grand Prix,24,1655,66466,58,1,0.0,0.7772109897099607,1.1008744748783612,1.0492256548895291,0.06364305639666505
no_driver,ablation_development,2024-09-01::Italian Grand Prix,2024-09-01,Italian Grand Prix,27,1096,68121,59,1,0.0,3.5667429847413286,14.717064974917939,3.8362827026847146,0.12691845288700174
no_constructor,ablation_development,2024-09-01::Italian Grand Prix,2024-09-01,Italian Grand Prix,27,1096,68121,59,1,0.0,3.4712853370408983,14.071403362434626,3.7511869271518083,0.12048097468556189
no_air_temperature,ablation_development,2024-09-01::Italian Grand Prix,2024-09-01,Italian Grand Prix,27,1096,68121,59,1,0.0,2.130935981956975,5.223301976555116,2.285454435458103,0.09967121653196372
no_track_temperature,ablation_development,2024-09-01::Italian Grand Prix,2024-09-01,Italian Grand Prix,27,1096,68121,59,1,0.0,3.631691185676798,15.929853691524794,3.991222079955561,0.1311714430012836
no_fuel_race_progress,ablation_development,2024-09-01::Italian Grand Prix,2024-09-01,Italian Grand Prix,22,1096,68121,59,1,0.0,2.545807934366786,7.482615642446951,2.735437011237318,0.10731287163992022
no_tire_age,ablation_development,2024-09-01::Italian Grand Prix,2024-09-01,Italian Grand Prix,21,1096,68121,59,1,0.0,3.3878129056947053,13.24947486486322,3.639982811067,0.15750298425841172
no_compound,ablation_development,2024-09-01::Italian Grand Prix,2024-09-01,Italian Grand Prix,24,1096,68121,59,1,0.0,3.6844669978948468,15.916580151794893,3.9895588918820204,0.12746383797843255
no_driver,ablation_development,2024-09-15::Azerbaijan Grand Prix,2024-09-15,Azerbaijan Grand Prix,27,978,69217,60,1,0.0,0.9927023815620274,2.555757875863241,1.5986737865691176,0.21550463384229704
no_constructor,ablation_development,2024-09-15::Azerbaijan Grand Prix,2024-09-15,Azerbaijan Grand Prix,27,978,69217,60,1,0.0,1.0262402085179065,2.602990518880746,1.6133786037011728,0.1811408618343037
no_air_temperature,ablation_development,2024-09-15::Azerbaijan Grand Prix,2024-09-15,Azerbaijan Grand Prix,27,978,69217,60,1,0.0,1.0529934028446581,2.697994855360543,1.6425574131093692,0.1723740831384214
no_track_temperature,ablation_development,2024-09-15::Azerbaijan Grand Prix,2024-09-15,Azerbaijan Grand Prix,27,978,69217,60,1,0.0,1.0528775994613782,2.730144959124687,1.6523150302302183,0.1894697440814911
no_fuel_race_progress,ablation_development,2024-09-15::Azerbaijan Grand Prix,2024-09-15,Azerbaijan Grand Prix,22,978,69217,60,1,0.0,1.1896785630617963,3.175195989720941,1.7819079633137456,0.2094812976527652
no_tire_age,ablation_development,2024-09-15::Azerbaijan Grand Prix,2024-09-15,Azerbaijan Grand Prix,21,978,69217,60,1,0.0,1.1195842443074322,2.889688389542414,1.6999083473947687,0.1749975146975146
no_compound,ablation_development,2024-09-15::Azerbaijan Grand Prix,2024-09-15,Azerbaijan Grand Prix,24,978,69217,60,1,0.0,1.042784356323771,2.726566702492717,1.6512318742359344,0.20523164275961966
no_driver,ablation_development,2024-09-22::Singapore Grand Prix,2024-09-22,Singapore Grand Prix,27,1262,70195,61,1,0.0,2.0315644111924382,5.969164864587122,2.4431874395115742,0.06724829214126288
no_constructor,ablation_development,2024-09-22::Singapore Grand Prix,2024-09-22,Singapore Grand Prix,27,1262,70195,61,1,0.0,2.2434539533679834,7.349190255784645,2.710938998905111,0.08425274480994564
no_air_temperature,ablation_development,2024-09-22::Singapore Grand Prix,2024-09-22,Singapore Grand Prix,27,1262,70195,61,1,0.0,2.6154845059582623,9.536291015101947,3.088088569827936,0.09725876996976827
no_track_temperature,ablation_development,2024-09-22::Singapore Grand Prix,2024-09-22,Singapore Grand Prix,27,1262,70195,61,1,0.0,1.8353947668890132,5.0327657781693,2.2433826642303583,0.06262698399116366
no_fuel_race_progress,ablation_development,2024-09-22::Singapore Grand Prix,2024-09-22,Singapore Grand Prix,22,1262,70195,61,1,0.0,1.359343311504126,3.524733188989435,1.8774272792812603,0.04284315501426664
no_tire_age,ablation_development,2024-09-22::Singapore Grand Prix,2024-09-22,Singapore Grand Prix,21,1262,70195,61,1,0.0,2.0414626806491882,6.145524226738393,2.479016786296211,0.07559345015540407
no_compound,ablation_development,2024-09-22::Singapore Grand Prix,2024-09-22,Singapore Grand Prix,24,1262,70195,61,1,0.0,2.3699461796503076,7.802350031897848,2.7932687002681726,0.06634789824054611
no_driver,ablation_development,2024-10-20::United States Grand Prix,2024-10-20,United States Grand Prix,27,1241,71457,62,1,0.0,1.5318238546891725,3.0187571986109853,1.7374571069845106,0.4233924842115635
no_constructor,ablation_development,2024-10-20::United States Grand Prix,2024-10-20,United States Grand Prix,27,1241,71457,62,1,0.0,1.5472367061318157,3.0441981769660402,1.744763071871376,0.44435211168004457
no_air_temperature,ablation_development,2024-10-20::United States Grand Prix,2024-10-20,United States Grand Prix,27,1241,71457,62,1,0.0,2.1332707003227727,5.166456614880523,2.2729840771286813,0.4145736483556846
no_track_temperature,ablation_development,2024-10-20::United States Grand Prix,2024-10-20,United States Grand Prix,27,1241,71457,62,1,0.0,1.7585885119101996,3.6316487118933747,1.9056885138692983,0.4334950714202528
no_fuel_race_progress,ablation_development,2024-10-20::United States Grand Prix,2024-10-20,United States Grand Prix,22,1241,71457,62,1,0.0,1.765630857104037,4.039974310930899,2.009968733819235,0.46486894481423374
no_tire_age,ablation_development,2024-10-20::United States Grand Prix,2024-10-20,United States Grand Prix,21,1241,71457,62,1,0.0,1.8358745595252355,4.069278095246603,2.017245174798196,0.431943968737656
no_compound,ablation_development,2024-10-20::United States Grand Prix,2024-10-20,United States Grand Prix,24,1241,71457,62,1,0.0,1.7494466270092566,3.6796058932836004,1.9182298854109223,0.4405123211791076
no_driver,ablation_development,2024-10-27::Mexico City Grand Prix,2024-10-27,Mexico City Grand Prix,27,1067,72698,63,1,0.0,1.6963513598532516,6.010086208398566,2.451547716932829,0.5710124403831319
no_constructor,ablation_development,2024-10-27::Mexico City Grand Prix,2024-10-27,Mexico City Grand Prix,27,1067,72698,63,1,0.0,1.6525986584942725,5.896741590419038,2.4283207346681035,0.5510024212832807
no_air_temperature,ablation_development,2024-10-27::Mexico City Grand Prix,2024-10-27,Mexico City Grand Prix,27,1067,72698,63,1,0.0,1.584782546665816,5.693847052516472,2.386178336276749,0.5588450005359221
no_track_temperature,ablation_development,2024-10-27::Mexico City Grand Prix,2024-10-27,Mexico City Grand Prix,27,1067,72698,63,1,0.0,1.6435627334864646,5.834487040919439,2.4154682860512655,0.5630833597739118
no_fuel_race_progress,ablation_development,2024-10-27::Mexico City Grand Prix,2024-10-27,Mexico City Grand Prix,22,1067,72698,63,1,0.0,1.7291870205269562,6.739309217230246,2.596017953949904,0.5741828825616414
no_tire_age,ablation_development,2024-10-27::Mexico City Grand Prix,2024-10-27,Mexico City Grand Prix,21,1067,72698,63,1,0.0,1.6116122941812332,5.698837024640489,2.3872237064507567,0.5620548758179992
no_compound,ablation_development,2024-10-27::Mexico City Grand Prix,2024-10-27,Mexico City Grand Prix,24,1067,72698,63,1,0.0,1.5830999177761351,5.6493676428873245,2.376839843760476,0.5531724650889616
no_driver,ablation_development,2024-11-03::São Paulo Grand Prix,2024-11-03,São Paulo Grand Prix,27,1146,73765,64,1,0.0,5.3537515739621435,31.844728644275527,5.643113382192097,0.06366718446128478
no_constructor,ablation_development,2024-11-03::São Paulo Grand Prix,2024-11-03,São Paulo Grand Prix,27,1146,73765,64,1,0.0,5.026888308641768,27.04178799905859,5.200171920144428,0.03551065283189921
no_air_temperature,ablation_development,2024-11-03::São Paulo Grand Prix,2024-11-03,São Paulo Grand Prix,27,1146,73765,64,1,0.0,4.122802671248046,18.56144737318068,4.308299823965444,0.05119428982115246
no_track_temperature,ablation_development,2024-11-03::São Paulo Grand Prix,2024-11-03,São Paulo Grand Prix,27,1146,73765,64,1,0.0,5.055110890930966,27.41350231522113,5.235790514833565,0.02575639447132074
no_fuel_race_progress,ablation_development,2024-11-03::São Paulo Grand Prix,2024-11-03,São Paulo Grand Prix,22,1146,73765,64,1,0.0,5.766144637618528,37.32953677840935,6.109790240131764,0.0686378044560861
no_tire_age,ablation_development,2024-11-03::São Paulo Grand Prix,2024-11-03,São Paulo Grand Prix,21,1146,73765,64,1,0.0,6.5998154436586125,48.91729523091945,6.994090021648238,0.050141158796528765
no_compound,ablation_development,2024-11-03::São Paulo Grand Prix,2024-11-03,São Paulo Grand Prix,24,1146,73765,64,1,0.0,4.5045234458690615,22.422526359294675,4.73524300952915,0.03091476669942109
no_driver,ablation_development,2024-11-23::Las Vegas Grand Prix,2024-11-23,Las Vegas Grand Prix,27,1035,74911,65,1,0.0,1.5520435859980084,13.001762523592035,3.6057956852256665,0.11004725096873343
no_constructor,ablation_development,2024-11-23::Las Vegas Grand Prix,2024-11-23,Las Vegas Grand Prix,27,1035,74911,65,1,0.0,1.5681154944199096,12.923824176636108,3.5949720689646685,0.12055227175496035
no_air_temperature,ablation_development,2024-11-23::Las Vegas Grand Prix,2024-11-23,Las Vegas Grand Prix,27,1035,74911,65,1,0.0,1.5228826929426396,13.129925169414346,3.623523860748587,0.08044223493484434
no_track_temperature,ablation_development,2024-11-23::Las Vegas Grand Prix,2024-11-23,Las Vegas Grand Prix,27,1035,74911,65,1,0.0,1.5638726386579873,13.292902316622412,3.6459432684316977,0.11519932303965452
no_fuel_race_progress,ablation_development,2024-11-23::Las Vegas Grand Prix,2024-11-23,Las Vegas Grand Prix,22,1035,74911,65,1,0.0,1.7289045540615267,13.15754080121453,3.6273324635625186,0.0689476182063098
no_tire_age,ablation_development,2024-11-23::Las Vegas Grand Prix,2024-11-23,Las Vegas Grand Prix,21,1035,74911,65,1,0.0,1.639831550072963,13.183215405726195,3.6308697863908854,0.14202350419002227
no_compound,ablation_development,2024-11-23::Las Vegas Grand Prix,2024-11-23,Las Vegas Grand Prix,24,1035,74911,65,1,0.0,1.626549499385614,13.872598259940238,3.7245937040085644,0.128362413221876
no_driver,ablation_development,2024-12-01::Qatar Grand Prix,2024-12-01,Qatar Grand Prix,27,1019,75946,66,1,0.0,2.573277333729327,7.408258647499447,2.721811648057126,0.0640121922088382
no_constructor,ablation_development,2024-12-01::Qatar Grand Prix,2024-12-01,Qatar Grand Prix,27,1019,75946,66,1,0.0,2.4843601612869555,6.98529161581496,2.6429702260553296,0.06037363135328196
no_air_temperature,ablation_development,2024-12-01::Qatar Grand Prix,2024-12-01,Qatar Grand Prix,27,1019,75946,66,1,0.0,2.816250887999296,8.690320932279826,2.9479350285038213,0.05093592319742984
no_track_temperature,ablation_development,2024-12-01::Qatar Grand Prix,2024-12-01,Qatar Grand Prix,27,1019,75946,66,1,0.0,2.279654603846469,6.077488981625593,2.4652563723932635,0.06050348297840652
no_fuel_race_progress,ablation_development,2024-12-01::Qatar Grand Prix,2024-12-01,Qatar Grand Prix,22,1019,75946,66,1,0.0,2.204819731462947,5.867733458232599,2.4223404918038667,0.05576849918905774
no_tire_age,ablation_development,2024-12-01::Qatar Grand Prix,2024-12-01,Qatar Grand Prix,21,1019,75946,66,1,0.0,2.634411868726723,7.76676525089981,2.7868916826636463,0.055763581668186096
no_compound,ablation_development,2024-12-01::Qatar Grand Prix,2024-12-01,Qatar Grand Prix,24,1019,75946,66,1,0.0,2.4009578365031223,6.56603574186924,2.5624277047107573,0.06144965445668852
no_driver,ablation_development,2024-12-08::Abu Dhabi Grand Prix,2024-12-08,Abu Dhabi Grand Prix,27,1062,76965,67,1,0.0,1.2849570143905018,2.2354545307271394,1.495143648860249,0.0524682111435536
no_constructor,ablation_development,2024-12-08::Abu Dhabi Grand Prix,2024-12-08,Abu Dhabi Grand Prix,27,1062,76965,67,1,0.0,1.185398167685162,1.916676191531006,1.3844407504588292,0.055909551893379796
no_air_temperature,ablation_development,2024-12-08::Abu Dhabi Grand Prix,2024-12-08,Abu Dhabi Grand Prix,27,1062,76965,67,1,0.0,1.2298887841458404,2.1923717025243348,1.480665965883033,0.06170420734643959
no_track_temperature,ablation_development,2024-12-08::Abu Dhabi Grand Prix,2024-12-08,Abu Dhabi Grand Prix,27,1062,76965,67,1,0.0,1.2352516498231472,2.1086627730572673,1.4521235391857221,0.04879405227045871
no_fuel_race_progress,ablation_development,2024-12-08::Abu Dhabi Grand Prix,2024-12-08,Abu Dhabi Grand Prix,22,1062,76965,67,1,0.0,1.1480155042322924,2.347545674297272,1.5321702497755503,0.03083467006846237
no_tire_age,ablation_development,2024-12-08::Abu Dhabi Grand Prix,2024-12-08,Abu Dhabi Grand Prix,21,1062,76965,67,1,0.0,1.2014366635658023,2.063857519592442,1.4366132115473678,0.08904642385395574
no_compound,ablation_development,2024-12-08::Abu Dhabi Grand Prix,2024-12-08,Abu Dhabi Grand Prix,24,1062,76965,67,1,0.0,1.1937413017682406,1.9673261268281503,1.4026140334490278,0.04873189199757224
pca4_pruned,conditional_development,2022-06-12::Azerbaijan Grand Prix,2022-06-12,Azerbaijan Grand Prix,26,886,7704,7,1,0.0,1.0046852614853277,6.583994359381551,2.565929531257932,0.12696773628898833
pca4_pruned,conditional_development,2022-06-19::Canadian Grand Prix,2022-06-19,Canadian Grand Prix,26,1327,8590,8,1,0.0,1.4272002930191954,4.23890962559294,2.0588612448615713,0.017648511457742353
pca4_pruned,conditional_development,2022-07-03::British Grand Prix,2022-07-03,British Grand Prix,26,867,9917,9,1,0.0,1.2103570925060516,6.53263106028284,2.555901222716332,0.01703029945078972
pca4_pruned,conditional_development,2022-07-10::Austrian Grand Prix,2022-07-10,Austrian Grand Prix,26,1669,10784,10,1,0.0,1.1639964042844784,1.965422957766229,1.4019354328093105,0.041048508972305046
pca4_pruned,conditional_development,2022-07-24::French Grand Prix,2022-07-24,French Grand Prix,26,968,12453,11,1,0.0,0.702726681253631,0.8514452650386324,0.9227379178502596,0.18139165223557296
pca4_pruned,conditional_development,2022-07-31::Hungarian Grand Prix,2022-07-31,Hungarian Grand Prix,26,1362,13421,12,1,0.0,3.7794286846282596,23.330581813254597,4.830174097613314,0.0656418683756996
pca4_pruned,conditional_development,2022-08-28::Belgian Grand Prix,2022-08-28,Belgian Grand Prix,26,725,14783,13,1,0.0,1.5143767858589854,5.0652320449386625,2.250607039209347,0.216486714677012
pca4_pruned,conditional_development,2022-09-04::Dutch Grand Prix,2022-09-04,Dutch Grand Prix,26,1273,15508,14,1,0.0,3.7870197853167933,31.665361245081808,5.627198347764348,0.14299016653585825
pca4_pruned,conditional_development,2022-09-11::Italian Grand Prix,2022-09-11,Italian Grand Prix,26,931,16781,15,1,0.0,1.1492944569575891,2.2254712879056973,1.4918013567180106,0.009197477223053639
pca4_pruned,conditional_development,2022-10-02::Singapore Grand Prix,2022-10-02,Singapore Grand Prix,26,729,17712,16,1,0.0,13.415834512938517,187.48452297530307,13.692498784929764,0.10271889990427562
pca4_pruned,conditional_development,2022-10-09::Japanese Grand Prix,2022-10-09,Japanese Grand Prix,26,460,18441,17,1,0.0,3.9459108355627914,34.620811146165146,5.883945202512099,0.7525581682158144
pca4_pruned,conditional_development,2022-10-23::United States Grand Prix,2022-10-23,United States Grand Prix,26,785,18901,18,1,0.0,1.3445865105340784,2.2959645556070174,1.5152440580998883,0.03211411462404983
pca4_pruned,conditional_development,2022-10-30::Mexico City Grand Prix,2022-10-30,Mexico City Grand Prix,26,1296,19686,19,1,0.0,1.6359011719319234,5.202391539618897,2.2808751696703826,0.018410666750377162
pca4_pruned,conditional_development,2022-11-13::São Paulo Grand Prix,2022-11-13,São Paulo Grand Prix,26,1823,20982,20,1,0.0,1.5108729686571918,3.4276736106883106,1.8513977451342838,0.10775722958071561
pca4_pruned,conditional_development,2022-11-20::Abu Dhabi Grand Prix,2022-11-20,Abu Dhabi Grand Prix,26,1264,22805,21,1,0.0,2.2535471003303797,6.3421695892259,2.5183664525294764,0.06944728633626475
pca4_pruned,conditional_development,2023-03-05::Bahrain Grand Prix,2023-03-05,Bahrain Grand Prix,26,1117,24069,22,1,0.0,4.26961291563379,22.43110245628809,4.736148483344678,0.11611446932197755
pca4_pruned,conditional_development,2023-03-19::Saudi Arabian Grand Prix,2023-03-19,Saudi Arabian Grand Prix,26,1066,25186,23,1,0.0,0.8528407701758302,2.3770142964453194,1.5417568862973563,0.025597652456307077
pca4_pruned,conditional_development,2023-04-02::Australian Grand Prix,2023-04-02,Australian Grand Prix,26,880,26252,24,1,0.0,2.4162927547448114,18.408896087705685,4.2905589481681385,0.5606179495116632
pca4_pruned,conditional_development,2023-04-30::Azerbaijan Grand Prix,2023-04-30,Azerbaijan Grand Prix,26,993,27132,25,1,0.0,2.241427183880339,5.731765730111495,2.3941106344760876,0.09359512121493059
pca4_pruned,conditional_development,2023-05-07::Miami Grand Prix,2023-05-07,Miami Grand Prix,26,1210,28125,26,1,0.0,2.0321893344712025,24.034908557308245,4.90254103066035,0.04023376499659894
pca4_pruned,conditional_development,2023-05-28::Monaco Grand Prix,2023-05-28,Monaco Grand Prix,26,1507,29335,27,1,0.0,4.033450217786271,51.12256579597554,7.150004601115691,0.2649632131516427
pca4_pruned,conditional_development,2023-06-04::Spanish Grand Prix,2023-06-04,Spanish Grand Prix,26,1437,30842,28,1,0.0,5.288641483037602,28.873420255731723,5.373399320330821,0.010196529557079047
pca4_pruned,conditional_development,2023-06-18::Canadian Grand Prix,2023-06-18,Canadian Grand Prix,26,1351,32279,29,1,0.0,1.4180947798583534,2.6544727375693817,1.6292552708429031,0.04272811827638399
pca4_pruned,conditional_development,2023-07-02::Austrian Grand Prix,2023-07-02,Austrian Grand Prix,26,1592,33630,30,1,0.0,1.98815387239566,10.77369050168305,3.282330041553264,0.0597052615524815
pca4_pruned,conditional_development,2023-07-09::British Grand Prix,2023-07-09,British Grand Prix,26,1007,35222,31,1,0.0,0.9253411279021073,1.289347840457686,1.1354945356353265,0.015110636120872725
pca4_pruned,conditional_development,2023-07-23::Hungarian Grand Prix,2023-07-23,Hungarian Grand Prix,26,1368,36229,32,1,0.0,1.0373041927813293,1.5799906574678209,1.256976792732396,0.03103261322421408
pca4_pruned,conditional_development,2023-07-30::Belgian Grand Prix,2023-07-30,Belgian Grand Prix,26,725,37597,33,1,0.0,1.4773348576628695,3.5180256592972747,1.8756400665632185,0.24579482410735148
pca4_pruned,conditional_development,2023-08-27::Dutch Grand Prix,2023-08-27,Dutch Grand Prix,26,1208,38322,34,1,0.0,1.2600046876767805,8.548631418286588,2.9238042715418877,0.052925595441563215
pca4_pruned,conditional_development,2023-09-03::Italian Grand Prix,2023-09-03,Italian Grand Prix,26,938,39530,35,1,0.0,1.1174164277517324,15.81060042305301,3.976254572214034,0.2505964809174009
pca4_pruned,conditional_development,2023-09-17::Singapore Grand Prix,2023-09-17,Singapore Grand Prix,26,1024,40468,36,1,0.0,3.0278390686902386,11.778197527927581,3.431937867725402,0.11002278209739229
pca4_pruned,conditional_development,2023-09-24::Japanese Grand Prix,2023-09-24,Japanese Grand Prix,26,825,41492,37,1,0.0,2.0503884409234296,4.779862173936737,2.1862895905933266,0.03182891887590567
pca4_pruned,conditional_development,2023-10-08::Qatar Grand Prix,2023-10-08,Qatar Grand Prix,26,952,42317,38,1,0.0,3.477550849122557,14.388076009995588,3.7931617431893923,0.041753443118657606
pca4_pruned,conditional_development,2023-10-22::United States Grand Prix,2023-10-22,United States Grand Prix,26,1265,43269,39,1,0.0,1.0615437520274837,1.810250270995226,1.3454554139752182,0.011626356722212279
pca4_pruned,conditional_development,2023-10-29::Mexico City Grand Prix,2023-10-29,Mexico City Grand Prix,26,1283,44534,40,1,0.0,0.8041663277343185,1.6022631407778933,1.2658053328920262,0.1065546822694294
pca4_pruned,conditional_development,2023-11-05::São Paulo Grand Prix,2023-11-05,São Paulo Grand Prix,26,1432,45817,41,1,0.0,0.6548717531712338,0.7377740317735354,0.8589377345148689,0.04072502250813431
pca4_pruned,conditional_development,2023-11-18::Las Vegas Grand Prix,2023-11-18,Las Vegas Grand Prix,26,1001,47249,42,1,0.0,2.360593622742285,16.751557868466502,4.092866705435996,0.10813913355718259
pca4_pruned,conditional_development,2023-11-26::Abu Dhabi Grand Prix,2023-11-26,Abu Dhabi Grand Prix,26,1163,48250,43,1,0.0,1.2996996744836413,8.745472201066638,2.9572744548091303,0.3126485713928924
pca4_pruned,conditional_development,2024-03-02::Bahrain Grand Prix,2024-03-02,Bahrain Grand Prix,26,1226,49413,44,1,0.0,1.3335523918762864,2.2089239397375784,1.4862449124345485,0.032468806841564425
pca4_pruned,conditional_development,2024-03-09::Saudi Arabian Grand Prix,2024-03-09,Saudi Arabian Grand Prix,26,1038,50639,45,1,0.0,1.384718292179604,5.719065690688286,2.3914568134692056,0.04107338646409534
pca4_pruned,conditional_development,2024-03-24::Australian Grand Prix,2024-03-24,Australian Grand Prix,26,1124,51677,46,1,0.0,1.9778801439174127,20.947655235700147,4.576860849501561,0.21665743979230534
pca4_pruned,conditional_development,2024-04-07::Japanese Grand Prix,2024-04-07,Japanese Grand Prix,26,762,52801,47,1,0.0,0.7698069693591049,0.9520718800314016,0.9757417076416287,0.04697207786180443
pca4_pruned,conditional_development,2024-04-21::Chinese Grand Prix,2024-04-21,Chinese Grand Prix,26,1097,53563,48,1,0.0,2.0798388391874596,5.042034200072529,2.2454474387240797,0.04151651354314925
pca4_pruned,conditional_development,2024-05-05::Miami Grand Prix,2024-05-05,Miami Grand Prix,26,1220,54660,49,1,0.0,1.0216515745185837,1.438443667867275,1.1993513529684598,0.017640592909444083
pca4_pruned,conditional_development,2024-05-19::Emilia Romagna Grand Prix,2024-05-19,Emilia Romagna Grand Prix,26,1433,55880,50,1,0.0,1.0767193830522446,2.847009008485084,1.687308213837971,0.09041850077310198
pca4_pruned,conditional_development,2024-05-26::Monaco Grand Prix,2024-05-26,Monaco Grand Prix,26,1553,57313,51,1,0.0,2.6694804855799994,22.55773075321214,4.749497947490044,0.04737542276787272
pca4_pruned,conditional_development,2024-06-09::Canadian Grand Prix,2024-06-09,Canadian Grand Prix,26,1130,58866,52,1,0.0,3.328780521817701,28.442215402210813,5.333124356529746,0.2951558010895981
pca4_pruned,conditional_development,2024-06-23::Spanish Grand Prix,2024-06-23,Spanish Grand Prix,26,1452,59996,53,1,0.0,0.8519879051181871,2.2504013056519376,1.5001337625865028,0.052122466252688425
pca4_pruned,conditional_development,2024-06-30::Austrian Grand Prix,2024-06-30,Austrian Grand Prix,26,1686,61448,54,1,0.0,0.8347026959761893,1.0475401084215041,1.023494068581496,0.22484773543195805
pca4_pruned,conditional_development,2024-07-07::British Grand Prix,2024-07-07,British Grand Prix,26,1039,63134,55,1,0.0,2.091623861486506,7.673846970201734,2.770170927975697,0.09213173221518375
pca4_pruned,conditional_development,2024-07-21::Hungarian Grand Prix,2024-07-21,Hungarian Grand Prix,26,1384,64173,56,1,0.0,0.70577577536014,0.8452670844639885,0.9193840788614889,0.025379346691092004
pca4_pruned,conditional_development,2024-07-28::Belgian Grand Prix,2024-07-28,Belgian Grand Prix,26,909,65557,57,1,0.0,4.133572400275378,17.98480752090483,4.240849858330854,0.03781217159335521
pca4_pruned,conditional_development,2024-08-25::Dutch Grand Prix,2024-08-25,Dutch Grand Prix,26,1655,66466,58,1,0.0,0.7235605182180284,0.9936577946409456,0.9968238533667548,0.057270855091306895
pca4_pruned,conditional_development,2024-09-01::Italian Grand Prix,2024-09-01,Italian Grand Prix,26,1096,68121,59,1,0.0,3.7399075821170698,16.97650855820424,4.120255885039695,0.1345839065558292
pca4_pruned,conditional_development,2024-09-15::Azerbaijan Grand Prix,2024-09-15,Azerbaijan Grand Prix,26,978,69217,60,1,0.0,1.0060763138590796,2.6401316944259787,1.6248482065799188,0.1823292596721091
pca4_pruned,conditional_development,2024-09-22::Singapore Grand Prix,2024-09-22,Singapore Grand Prix,26,1262,70195,61,1,0.0,2.385031074358963,8.300427917284564,2.8810463233493078,0.0750269817443816
pca4_pruned,conditional_development,2024-10-20::United States Grand Prix,2024-10-20,United States Grand Prix,26,1241,71457,62,1,0.0,1.6056975165567131,3.2701563615559675,1.808357365554709,0.43973872152275756
pca4_pruned,conditional_development,2024-10-27::Mexico City Grand Prix,2024-10-27,Mexico City Grand Prix,26,1067,72698,63,1,0.0,1.7433546060311043,6.163852182758452,2.4827106522425146,0.5616670806579653
pca4_pruned,conditional_development,2024-11-03::São Paulo Grand Prix,2024-11-03,São Paulo Grand Prix,26,1146,73765,64,1,0.0,4.928464593374906,26.755741424449408,5.172595231066259,0.043840465285325675
pca4_pruned,conditional_development,2024-11-23::Las Vegas Grand Prix,2024-11-23,Las Vegas Grand Prix,26,1035,74911,65,1,0.0,1.5272323651864288,13.245826699907221,3.6394816526405545,0.12339147793115289
pca4_pruned,conditional_development,2024-12-01::Qatar Grand Prix,2024-12-01,Qatar Grand Prix,26,1019,75946,66,1,0.0,2.384318840648139,6.81718957928032,2.61097483313806,0.07037272533942666
pca4_pruned,conditional_development,2024-12-08::Abu Dhabi Grand Prix,2024-12-08,Abu Dhabi Grand Prix,26,1062,76965,67,1,0.0,1.23130496048377,2.1174309168151892,1.4551394836286964,0.047016713106285975
pca4_pruned,conditional_frozen_2025,2025-03-16::Australian Grand Prix,2025-03-16,Australian Grand Prix,26,766,78027,68,1,0.0,1.8395796627311527,7.582413602571801,2.753618274665499,0.1218294527903821
pca4_pruned,conditional_frozen_2025,2025-03-23::Chinese Grand Prix,2025-03-23,Chinese Grand Prix,26,1300,78027,68,1,0.0,3.1010248969929886,10.269897355541739,3.204668056997751,0.007830930911282492
pca4_pruned,conditional_frozen_2025,2025-04-06::Japanese Grand Prix,2025-04-06,Japanese Grand Prix,26,1003,78027,68,1,0.0,4.8866035966773245,24.468966832774314,4.946611651704054,0.022407927969369593
pca4_pruned,conditional_frozen_2025,2025-04-13::Bahrain Grand Prix,2025-04-13,Bahrain Grand Prix,26,1161,78027,68,1,0.0,0.8913156188327388,1.3568849693294394,1.1648540549482753,0.02884075867143691
pca4_pruned,conditional_frozen_2025,2025-04-20::Saudi Arabian Grand Prix,2025-04-20,Saudi Arabian Grand Prix,26,866,78027,68,1,0.0,0.8691692458576149,1.3925797622211293,1.1800761679743936,0.2917012542399064
pca4_pruned,conditional_frozen_2025,2025-05-04::Miami Grand Prix,2025-05-04,Miami Grand Prix,26,625,78027,68,1,0.0,1.0965981176764776,1.706030156592666,1.3061508935006958,0.05890720100807345
pca4_pruned,conditional_frozen_2025,2025-05-18::Emilia Romagna Grand Prix,2025-05-18,Emilia Romagna Grand Prix,26,1108,78027,68,1,0.0,0.7172096335755092,1.4022856786739686,1.1841814382407658,0.21530182651942797
pca4_pruned,conditional_frozen_2025,2025-05-25::Monaco Grand Prix,2025-05-25,Monaco Grand Prix,26,1400,78027,68,1,0.0,2.284674178672698,9.90564512612754,3.1473234860953743,0.03439618180359057
pca4_pruned,conditional_frozen_2025,2025-06-01::Spanish Grand Prix,2025-06-01,Spanish Grand Prix,26,1234,78027,68,1,0.0,1.0577445289042267,2.4353668992623962,1.5605662111113376,0.15771280360048823
pca4_pruned,conditional_frozen_2025,2025-06-15::Canadian Grand Prix,2025-06-15,Canadian Grand Prix,26,1462,78027,68,1,0.0,2.169038250137418,8.105392523468046,2.8469971063329247,0.030961154746686353
pca4_pruned,conditional_frozen_2025,2025-06-29::Austrian Grand Prix,2025-06-29,Austrian Grand Prix,26,1280,78027,68,1,0.0,0.8049584422165672,1.5108787300572706,1.2291780709308437,0.014326249353414797
pca4_pruned,conditional_frozen_2025,2025-07-06::British Grand Prix,2025-07-06,British Grand Prix,26,580,78027,68,1,0.0,1.4470874773247455,3.306399106626568,1.8183506555740474,0.1796566244222683
pca4_pruned,conditional_frozen_2025,2025-07-27::Belgian Grand Prix,2025-07-27,Belgian Grand Prix,26,943,78027,68,1,0.0,5.192899754794275,30.027562953531657,5.479741139281276,0.1811591496430054
pca4_pruned,conditional_frozen_2025,2025-08-03::Hungarian Grand Prix,2025-08-03,Hungarian Grand Prix,26,1489,78027,68,1,0.0,1.8043209478035436,4.2382764597775795,2.058707473095092,0.026949561608219628
pca4_pruned,conditional_frozen_2025,2025-08-31::Dutch Grand Prix,2025-08-31,Dutch Grand Prix,26,1169,78027,68,1,0.0,1.2073529193852852,13.238129692454153,3.6384240671551953,0.05652513663907235
pca4_pruned,conditional_frozen_2025,2025-09-07::Italian Grand Prix,2025-09-07,Italian Grand Prix,26,1092,78027,68,1,0.0,3.3068959895425194,12.046298117072997,3.4707777395092583,0.023898643584997634
pca4_pruned,conditional_frozen_2025,2025-09-21::Azerbaijan Grand Prix,2025-09-21,Azerbaijan Grand Prix,26,849,78027,68,1,0.0,1.1395193483759967,1.9334295178049992,1.3904781615706876,0.06912935408976136
pca4_pruned,conditional_frozen_2025,2025-10-05::Singapore Grand Prix,2025-10-05,Singapore Grand Prix,26,1178,78027,68,1,0.0,3.5746764720897604,36.245556613988335,6.0204282749641935,0.06438156569487569
pca4_pruned,conditional_frozen_2025,2025-10-19::United States Grand Prix,2025-10-19,United States Grand Prix,26,1095,78027,68,1,0.0,0.9575938419247141,1.7520294440517081,1.3236424910268287,0.026426142030535785
pca4_pruned,conditional_frozen_2025,2025-10-26::Mexico City Grand Prix,2025-10-26,Mexico City Grand Prix,26,1374,78027,68,1,0.0,1.5316791230631552,3.2414356089663823,1.8003987361044171,0.0193282880568947
pca4_pruned,conditional_frozen_2025,2025-11-09::São Paulo Grand Prix,2025-11-09,São Paulo Grand Prix,26,1369,78027,68,1,0.0,1.7199109379211737,3.4223966821828946,1.8499720760549048,0.04296236797026016
pca4_pruned,conditional_frozen_2025,2025-11-22::Las Vegas Grand Prix,2025-11-22,Las Vegas Grand Prix,26,876,78027,68,1,0.0,3.5279850242692072,42.0819833371984,6.487062766553011,0.2585385672133265
pca4_pruned,conditional_frozen_2025,2025-11-30::Qatar Grand Prix,2025-11-30,Qatar Grand Prix,26,1273,78027,68,1,0.0,0.8489663941825779,1.087306132426536,1.0427397242008842,0.02005625987170261
pca4_pruned,conditional_frozen_2025,2025-12-07::Abu Dhabi Grand Prix,2025-12-07,Abu Dhabi Grand Prix,26,1338,78027,68,1,0.0,1.2162478579665372,3.567341641445364,1.8887407554890543,0.08218747219123244
